fixture_id,split,family,candidate_id,label,mutation,gate,accepted
D-ST-01,discovery,controlled_state_transition,valid_golden,valid,none,no_enforcement,True
D-ST-01,discovery,controlled_state_transition,valid_golden,valid,none,schema_only,True
D-ST-01,discovery,controlled_state_transition,valid_golden,valid,none,deny_all_guardrail,False
D-ST-01,discovery,controlled_state_transition,valid_golden,valid,none,executable_contract,True
D-ST-01,discovery,controlled_state_transition,valid_metamorphic_reorder,valid,collection_reorder,no_enforcement,True
D-ST-01,discovery,controlled_state_transition,valid_metamorphic_reorder,valid,collection_reorder,schema_only,True
D-ST-01,discovery,controlled_state_transition,valid_metamorphic_reorder,valid,collection_reorder,deny_all_guardrail,False
D-ST-01,discovery,controlled_state_transition,valid_metamorphic_reorder,valid,collection_reorder,executable_contract,True
D-ST-01,discovery,controlled_state_transition,invalid_missing_required_field,invalid,missing_required_field,no_enforcement,True
D-ST-01,discovery,controlled_state_transition,invalid_missing_required_field,invalid,missing_required_field,schema_only,False
D-ST-01,discovery,controlled_state_transition,invalid_missing_required_field,invalid,missing_required_field,deny_all_guardrail,False
D-ST-01,discovery,controlled_state_transition,invalid_missing_required_field,invalid,missing_required_field,executable_contract,False
D-ST-01,discovery,controlled_state_transition,invalid_task_identity_mismatch,invalid,task_identity_mismatch,no_enforcement,True
D-ST-01,discovery,controlled_state_transition,invalid_task_identity_mismatch,invalid,task_identity_mismatch,schema_only,True
D-ST-01,discovery,controlled_state_transition,invalid_task_identity_mismatch,invalid,task_identity_mismatch,deny_all_guardrail,False
D-ST-01,discovery,controlled_state_transition,invalid_task_identity_mismatch,invalid,task_identity_mismatch,executable_contract,False
D-ST-01,discovery,controlled_state_transition,invalid_decision_flip,invalid,decision_flip,no_enforcement,True
D-ST-01,discovery,controlled_state_transition,invalid_decision_flip,invalid,decision_flip,schema_only,True
D-ST-01,discovery,controlled_state_transition,invalid_decision_flip,invalid,decision_flip,deny_all_guardrail,False
D-ST-01,discovery,controlled_state_transition,invalid_decision_flip,invalid,decision_flip,executable_contract,False
D-ST-01,discovery,controlled_state_transition,invalid_unauthorized_write,invalid,unauthorized_write,no_enforcement,True
D-ST-01,discovery,controlled_state_transition,invalid_unauthorized_write,invalid,unauthorized_write,schema_only,True
D-ST-01,discovery,controlled_state_transition,invalid_unauthorized_write,invalid,unauthorized_write,deny_all_guardrail,False
D-ST-01,discovery,controlled_state_transition,invalid_unauthorized_write,invalid,unauthorized_write,executable_contract,False
D-ST-01,discovery,controlled_state_transition,invalid_wrong_from_state,invalid,wrong_from_state,no_enforcement,True
D-ST-01,discovery,controlled_state_transition,invalid_wrong_from_state,invalid,wrong_from_state,schema_only,True
D-ST-01,discovery,controlled_state_transition,invalid_wrong_from_state,invalid,wrong_from_state,deny_all_guardrail,False
D-ST-01,discovery,controlled_state_transition,invalid_wrong_from_state,invalid,wrong_from_state,executable_contract,False
D-ST-01,discovery,controlled_state_transition,invalid_wrong_target_state,invalid,wrong_target_state,no_enforcement,True
D-ST-01,discovery,controlled_state_transition,invalid_wrong_target_state,invalid,wrong_target_state,schema_only,True
D-ST-01,discovery,controlled_state_transition,invalid_wrong_target_state,invalid,wrong_target_state,deny_all_guardrail,False
D-ST-01,discovery,controlled_state_transition,invalid_wrong_target_state,invalid,wrong_target_state,executable_contract,False
D-ST-01,discovery,controlled_state_transition,invalid_evidence_mismatch,invalid,evidence_mismatch,no_enforcement,True
D-ST-01,discovery,controlled_state_transition,invalid_evidence_mismatch,invalid,evidence_mismatch,schema_only,True
D-ST-01,discovery,controlled_state_transition,invalid_evidence_mismatch,invalid,evidence_mismatch,deny_all_guardrail,False
D-ST-01,discovery,controlled_state_transition,invalid_evidence_mismatch,invalid,evidence_mismatch,executable_contract,False
D-ST-01,discovery,controlled_state_transition,invalid_unknown_state_dropped,invalid,unknown_state_dropped,no_enforcement,True
D-ST-01,discovery,controlled_state_transition,invalid_unknown_state_dropped,invalid,unknown_state_dropped,schema_only,True
D-ST-01,discovery,controlled_state_transition,invalid_unknown_state_dropped,invalid,unknown_state_dropped,deny_all_guardrail,False
D-ST-01,discovery,controlled_state_transition,invalid_unknown_state_dropped,invalid,unknown_state_dropped,executable_contract,False
D-ST-01,discovery,controlled_state_transition,invalid_forbidden_boundary_changed,invalid,forbidden_boundary_changed,no_enforcement,True
D-ST-01,discovery,controlled_state_transition,invalid_forbidden_boundary_changed,invalid,forbidden_boundary_changed,schema_only,True
D-ST-01,discovery,controlled_state_transition,invalid_forbidden_boundary_changed,invalid,forbidden_boundary_changed,deny_all_guardrail,False
D-ST-01,discovery,controlled_state_transition,invalid_forbidden_boundary_changed,invalid,forbidden_boundary_changed,executable_contract,False
D-ST-01,discovery,controlled_state_transition,invalid_immutable_state_corrupted,invalid,immutable_state_corrupted,no_enforcement,True
D-ST-01,discovery,controlled_state_transition,invalid_immutable_state_corrupted,invalid,immutable_state_corrupted,schema_only,True
D-ST-01,discovery,controlled_state_transition,invalid_immutable_state_corrupted,invalid,immutable_state_corrupted,deny_all_guardrail,False
D-ST-01,discovery,controlled_state_transition,invalid_immutable_state_corrupted,invalid,immutable_state_corrupted,executable_contract,False
D-ST-01,discovery,controlled_state_transition,invalid_gate_attestation_flip,invalid,gate_attestation_flip,no_enforcement,True
D-ST-01,discovery,controlled_state_transition,invalid_gate_attestation_flip,invalid,gate_attestation_flip,schema_only,True
D-ST-01,discovery,controlled_state_transition,invalid_gate_attestation_flip,invalid,gate_attestation_flip,deny_all_guardrail,False
D-ST-01,discovery,controlled_state_transition,invalid_gate_attestation_flip,invalid,gate_attestation_flip,executable_contract,False
D-ST-01,discovery,controlled_state_transition,invalid_next_action_changed,invalid,next_action_changed,no_enforcement,True
D-ST-01,discovery,controlled_state_transition,invalid_next_action_changed,invalid,next_action_changed,schema_only,True
D-ST-01,discovery,controlled_state_transition,invalid_next_action_changed,invalid,next_action_changed,deny_all_guardrail,False
D-ST-01,discovery,controlled_state_transition,invalid_next_action_changed,invalid,next_action_changed,executable_contract,False
D-ST-02,discovery,controlled_state_transition,valid_golden,valid,none,no_enforcement,True
D-ST-02,discovery,controlled_state_transition,valid_golden,valid,none,schema_only,True
D-ST-02,discovery,controlled_state_transition,valid_golden,valid,none,deny_all_guardrail,False
D-ST-02,discovery,controlled_state_transition,valid_golden,valid,none,executable_contract,True
D-ST-02,discovery,controlled_state_transition,valid_metamorphic_reorder,valid,collection_reorder,no_enforcement,True
D-ST-02,discovery,controlled_state_transition,valid_metamorphic_reorder,valid,collection_reorder,schema_only,True
D-ST-02,discovery,controlled_state_transition,valid_metamorphic_reorder,valid,collection_reorder,deny_all_guardrail,False
D-ST-02,discovery,controlled_state_transition,valid_metamorphic_reorder,valid,collection_reorder,executable_contract,True
D-ST-02,discovery,controlled_state_transition,invalid_missing_required_field,invalid,missing_required_field,no_enforcement,True
D-ST-02,discovery,controlled_state_transition,invalid_missing_required_field,invalid,missing_required_field,schema_only,False
D-ST-02,discovery,controlled_state_transition,invalid_missing_required_field,invalid,missing_required_field,deny_all_guardrail,False
D-ST-02,discovery,controlled_state_transition,invalid_missing_required_field,invalid,missing_required_field,executable_contract,False
D-ST-02,discovery,controlled_state_transition,invalid_task_identity_mismatch,invalid,task_identity_mismatch,no_enforcement,True
D-ST-02,discovery,controlled_state_transition,invalid_task_identity_mismatch,invalid,task_identity_mismatch,schema_only,True
D-ST-02,discovery,controlled_state_transition,invalid_task_identity_mismatch,invalid,task_identity_mismatch,deny_all_guardrail,False
D-ST-02,discovery,controlled_state_transition,invalid_task_identity_mismatch,invalid,task_identity_mismatch,executable_contract,False
D-ST-02,discovery,controlled_state_transition,invalid_decision_flip,invalid,decision_flip,no_enforcement,True
D-ST-02,discovery,controlled_state_transition,invalid_decision_flip,invalid,decision_flip,schema_only,True
D-ST-02,discovery,controlled_state_transition,invalid_decision_flip,invalid,decision_flip,deny_all_guardrail,False
D-ST-02,discovery,controlled_state_transition,invalid_decision_flip,invalid,decision_flip,executable_contract,False
D-ST-02,discovery,controlled_state_transition,invalid_unauthorized_write,invalid,unauthorized_write,no_enforcement,True
D-ST-02,discovery,controlled_state_transition,invalid_unauthorized_write,invalid,unauthorized_write,schema_only,True
D-ST-02,discovery,controlled_state_transition,invalid_unauthorized_write,invalid,unauthorized_write,deny_all_guardrail,False
D-ST-02,discovery,controlled_state_transition,invalid_unauthorized_write,invalid,unauthorized_write,executable_contract,False
D-ST-02,discovery,controlled_state_transition,invalid_wrong_from_state,invalid,wrong_from_state,no_enforcement,True
D-ST-02,discovery,controlled_state_transition,invalid_wrong_from_state,invalid,wrong_from_state,schema_only,True
D-ST-02,discovery,controlled_state_transition,invalid_wrong_from_state,invalid,wrong_from_state,deny_all_guardrail,False
D-ST-02,discovery,controlled_state_transition,invalid_wrong_from_state,invalid,wrong_from_state,executable_contract,False
D-ST-02,discovery,controlled_state_transition,invalid_wrong_target_state,invalid,wrong_target_state,no_enforcement,True
D-ST-02,discovery,controlled_state_transition,invalid_wrong_target_state,invalid,wrong_target_state,schema_only,True
D-ST-02,discovery,controlled_state_transition,invalid_wrong_target_state,invalid,wrong_target_state,deny_all_guardrail,False
D-ST-02,discovery,controlled_state_transition,invalid_wrong_target_state,invalid,wrong_target_state,executable_contract,False
D-ST-02,discovery,controlled_state_transition,invalid_evidence_mismatch,invalid,evidence_mismatch,no_enforcement,True
D-ST-02,discovery,controlled_state_transition,invalid_evidence_mismatch,invalid,evidence_mismatch,schema_only,True
D-ST-02,discovery,controlled_state_transition,invalid_evidence_mismatch,invalid,evidence_mismatch,deny_all_guardrail,False
D-ST-02,discovery,controlled_state_transition,invalid_evidence_mismatch,invalid,evidence_mismatch,executable_contract,False
D-ST-02,discovery,controlled_state_transition,invalid_unknown_state_dropped,invalid,unknown_state_dropped,no_enforcement,True
D-ST-02,discovery,controlled_state_transition,invalid_unknown_state_dropped,invalid,unknown_state_dropped,schema_only,True
D-ST-02,discovery,controlled_state_transition,invalid_unknown_state_dropped,invalid,unknown_state_dropped,deny_all_guardrail,False
D-ST-02,discovery,controlled_state_transition,invalid_unknown_state_dropped,invalid,unknown_state_dropped,executable_contract,False
D-ST-02,discovery,controlled_state_transition,invalid_forbidden_boundary_changed,invalid,forbidden_boundary_changed,no_enforcement,True
D-ST-02,discovery,controlled_state_transition,invalid_forbidden_boundary_changed,invalid,forbidden_boundary_changed,schema_only,True
D-ST-02,discovery,controlled_state_transition,invalid_forbidden_boundary_changed,invalid,forbidden_boundary_changed,deny_all_guardrail,False
D-ST-02,discovery,controlled_state_transition,invalid_forbidden_boundary_changed,invalid,forbidden_boundary_changed,executable_contract,False
D-ST-02,discovery,controlled_state_transition,invalid_immutable_state_corrupted,invalid,immutable_state_corrupted,no_enforcement,True
D-ST-02,discovery,controlled_state_transition,invalid_immutable_state_corrupted,invalid,immutable_state_corrupted,schema_only,True
D-ST-02,discovery,controlled_state_transition,invalid_immutable_state_corrupted,invalid,immutable_state_corrupted,deny_all_guardrail,False
D-ST-02,discovery,controlled_state_transition,invalid_immutable_state_corrupted,invalid,immutable_state_corrupted,executable_contract,False
D-ST-02,discovery,controlled_state_transition,invalid_gate_attestation_flip,invalid,gate_attestation_flip,no_enforcement,True
D-ST-02,discovery,controlled_state_transition,invalid_gate_attestation_flip,invalid,gate_attestation_flip,schema_only,True
D-ST-02,discovery,controlled_state_transition,invalid_gate_attestation_flip,invalid,gate_attestation_flip,deny_all_guardrail,False
D-ST-02,discovery,controlled_state_transition,invalid_gate_attestation_flip,invalid,gate_attestation_flip,executable_contract,False
D-ST-02,discovery,controlled_state_transition,invalid_next_action_changed,invalid,next_action_changed,no_enforcement,True
D-ST-02,discovery,controlled_state_transition,invalid_next_action_changed,invalid,next_action_changed,schema_only,True
D-ST-02,discovery,controlled_state_transition,invalid_next_action_changed,invalid,next_action_changed,deny_all_guardrail,False
D-ST-02,discovery,controlled_state_transition,invalid_next_action_changed,invalid,next_action_changed,executable_contract,False
D-CFG-01,discovery,approval_gated_configuration,valid_golden,valid,none,no_enforcement,True
D-CFG-01,discovery,approval_gated_configuration,valid_golden,valid,none,schema_only,True
D-CFG-01,discovery,approval_gated_configuration,valid_golden,valid,none,deny_all_guardrail,False
D-CFG-01,discovery,approval_gated_configuration,valid_golden,valid,none,executable_contract,True
D-CFG-01,discovery,approval_gated_configuration,valid_metamorphic_reorder,valid,collection_reorder,no_enforcement,True
D-CFG-01,discovery,approval_gated_configuration,valid_metamorphic_reorder,valid,collection_reorder,schema_only,True
D-CFG-01,discovery,approval_gated_configuration,valid_metamorphic_reorder,valid,collection_reorder,deny_all_guardrail,False
D-CFG-01,discovery,approval_gated_configuration,valid_metamorphic_reorder,valid,collection_reorder,executable_contract,True
D-CFG-01,discovery,approval_gated_configuration,invalid_missing_required_field,invalid,missing_required_field,no_enforcement,True
D-CFG-01,discovery,approval_gated_configuration,invalid_missing_required_field,invalid,missing_required_field,schema_only,False
D-CFG-01,discovery,approval_gated_configuration,invalid_missing_required_field,invalid,missing_required_field,deny_all_guardrail,False
D-CFG-01,discovery,approval_gated_configuration,invalid_missing_required_field,invalid,missing_required_field,executable_contract,False
D-CFG-01,discovery,approval_gated_configuration,invalid_task_identity_mismatch,invalid,task_identity_mismatch,no_enforcement,True
D-CFG-01,discovery,approval_gated_configuration,invalid_task_identity_mismatch,invalid,task_identity_mismatch,schema_only,True
D-CFG-01,discovery,approval_gated_configuration,invalid_task_identity_mismatch,invalid,task_identity_mismatch,deny_all_guardrail,False
D-CFG-01,discovery,approval_gated_configuration,invalid_task_identity_mismatch,invalid,task_identity_mismatch,executable_contract,False
D-CFG-01,discovery,approval_gated_configuration,invalid_decision_flip,invalid,decision_flip,no_enforcement,True
D-CFG-01,discovery,approval_gated_configuration,invalid_decision_flip,invalid,decision_flip,schema_only,True
D-CFG-01,discovery,approval_gated_configuration,invalid_decision_flip,invalid,decision_flip,deny_all_guardrail,False
D-CFG-01,discovery,approval_gated_configuration,invalid_decision_flip,invalid,decision_flip,executable_contract,False
D-CFG-01,discovery,approval_gated_configuration,invalid_unauthorized_write,invalid,unauthorized_write,no_enforcement,True
D-CFG-01,discovery,approval_gated_configuration,invalid_unauthorized_write,invalid,unauthorized_write,schema_only,True
D-CFG-01,discovery,approval_gated_configuration,invalid_unauthorized_write,invalid,unauthorized_write,deny_all_guardrail,False
D-CFG-01,discovery,approval_gated_configuration,invalid_unauthorized_write,invalid,unauthorized_write,executable_contract,False
D-CFG-01,discovery,approval_gated_configuration,invalid_wrong_from_state,invalid,wrong_from_state,no_enforcement,True
D-CFG-01,discovery,approval_gated_configuration,invalid_wrong_from_state,invalid,wrong_from_state,schema_only,True
D-CFG-01,discovery,approval_gated_configuration,invalid_wrong_from_state,invalid,wrong_from_state,deny_all_guardrail,False
D-CFG-01,discovery,approval_gated_configuration,invalid_wrong_from_state,invalid,wrong_from_state,executable_contract,False
D-CFG-01,discovery,approval_gated_configuration,invalid_wrong_target_state,invalid,wrong_target_state,no_enforcement,True
D-CFG-01,discovery,approval_gated_configuration,invalid_wrong_target_state,invalid,wrong_target_state,schema_only,True
D-CFG-01,discovery,approval_gated_configuration,invalid_wrong_target_state,invalid,wrong_target_state,deny_all_guardrail,False
D-CFG-01,discovery,approval_gated_configuration,invalid_wrong_target_state,invalid,wrong_target_state,executable_contract,False
D-CFG-01,discovery,approval_gated_configuration,invalid_evidence_mismatch,invalid,evidence_mismatch,no_enforcement,True
D-CFG-01,discovery,approval_gated_configuration,invalid_evidence_mismatch,invalid,evidence_mismatch,schema_only,True
D-CFG-01,discovery,approval_gated_configuration,invalid_evidence_mismatch,invalid,evidence_mismatch,deny_all_guardrail,False
D-CFG-01,discovery,approval_gated_configuration,invalid_evidence_mismatch,invalid,evidence_mismatch,executable_contract,False
D-CFG-01,discovery,approval_gated_configuration,invalid_unknown_state_dropped,invalid,unknown_state_dropped,no_enforcement,True
D-CFG-01,discovery,approval_gated_configuration,invalid_unknown_state_dropped,invalid,unknown_state_dropped,schema_only,True
D-CFG-01,discovery,approval_gated_configuration,invalid_unknown_state_dropped,invalid,unknown_state_dropped,deny_all_guardrail,False
D-CFG-01,discovery,approval_gated_configuration,invalid_unknown_state_dropped,invalid,unknown_state_dropped,executable_contract,False
D-CFG-01,discovery,approval_gated_configuration,invalid_forbidden_boundary_changed,invalid,forbidden_boundary_changed,no_enforcement,True
D-CFG-01,discovery,approval_gated_configuration,invalid_forbidden_boundary_changed,invalid,forbidden_boundary_changed,schema_only,True
D-CFG-01,discovery,approval_gated_configuration,invalid_forbidden_boundary_changed,invalid,forbidden_boundary_changed,deny_all_guardrail,False
D-CFG-01,discovery,approval_gated_configuration,invalid_forbidden_boundary_changed,invalid,forbidden_boundary_changed,executable_contract,False
D-CFG-01,discovery,approval_gated_configuration,invalid_immutable_state_corrupted,invalid,immutable_state_corrupted,no_enforcement,True
D-CFG-01,discovery,approval_gated_configuration,invalid_immutable_state_corrupted,invalid,immutable_state_corrupted,schema_only,True
D-CFG-01,discovery,approval_gated_configuration,invalid_immutable_state_corrupted,invalid,immutable_state_corrupted,deny_all_guardrail,False
D-CFG-01,discovery,approval_gated_configuration,invalid_immutable_state_corrupted,invalid,immutable_state_corrupted,executable_contract,False
D-CFG-01,discovery,approval_gated_configuration,invalid_gate_attestation_flip,invalid,gate_attestation_flip,no_enforcement,True
D-CFG-01,discovery,approval_gated_configuration,invalid_gate_attestation_flip,invalid,gate_attestation_flip,schema_only,True
D-CFG-01,discovery,approval_gated_configuration,invalid_gate_attestation_flip,invalid,gate_attestation_flip,deny_all_guardrail,False
D-CFG-01,discovery,approval_gated_configuration,invalid_gate_attestation_flip,invalid,gate_attestation_flip,executable_contract,False
D-CFG-01,discovery,approval_gated_configuration,invalid_next_action_changed,invalid,next_action_changed,no_enforcement,True
D-CFG-01,discovery,approval_gated_configuration,invalid_next_action_changed,invalid,next_action_changed,schema_only,True
D-CFG-01,discovery,approval_gated_configuration,invalid_next_action_changed,invalid,next_action_changed,deny_all_guardrail,False
D-CFG-01,discovery,approval_gated_configuration,invalid_next_action_changed,invalid,next_action_changed,executable_contract,False
D-CFG-02,discovery,approval_gated_configuration,valid_golden,valid,none,no_enforcement,True
D-CFG-02,discovery,approval_gated_configuration,valid_golden,valid,none,schema_only,True
D-CFG-02,discovery,approval_gated_configuration,valid_golden,valid,none,deny_all_guardrail,False
D-CFG-02,discovery,approval_gated_configuration,valid_golden,valid,none,executable_contract,True
D-CFG-02,discovery,approval_gated_configuration,valid_metamorphic_reorder,valid,collection_reorder,no_enforcement,True
D-CFG-02,discovery,approval_gated_configuration,valid_metamorphic_reorder,valid,collection_reorder,schema_only,True
D-CFG-02,discovery,approval_gated_configuration,valid_metamorphic_reorder,valid,collection_reorder,deny_all_guardrail,False
D-CFG-02,discovery,approval_gated_configuration,valid_metamorphic_reorder,valid,collection_reorder,executable_contract,True
D-CFG-02,discovery,approval_gated_configuration,invalid_missing_required_field,invalid,missing_required_field,no_enforcement,True
D-CFG-02,discovery,approval_gated_configuration,invalid_missing_required_field,invalid,missing_required_field,schema_only,False
D-CFG-02,discovery,approval_gated_configuration,invalid_missing_required_field,invalid,missing_required_field,deny_all_guardrail,False
D-CFG-02,discovery,approval_gated_configuration,invalid_missing_required_field,invalid,missing_required_field,executable_contract,False
D-CFG-02,discovery,approval_gated_configuration,invalid_task_identity_mismatch,invalid,task_identity_mismatch,no_enforcement,True
D-CFG-02,discovery,approval_gated_configuration,invalid_task_identity_mismatch,invalid,task_identity_mismatch,schema_only,True
D-CFG-02,discovery,approval_gated_configuration,invalid_task_identity_mismatch,invalid,task_identity_mismatch,deny_all_guardrail,False
D-CFG-02,discovery,approval_gated_configuration,invalid_task_identity_mismatch,invalid,task_identity_mismatch,executable_contract,False
D-CFG-02,discovery,approval_gated_configuration,invalid_decision_flip,invalid,decision_flip,no_enforcement,True
D-CFG-02,discovery,approval_gated_configuration,invalid_decision_flip,invalid,decision_flip,schema_only,True
D-CFG-02,discovery,approval_gated_configuration,invalid_decision_flip,invalid,decision_flip,deny_all_guardrail,False
D-CFG-02,discovery,approval_gated_configuration,invalid_decision_flip,invalid,decision_flip,executable_contract,False
D-CFG-02,discovery,approval_gated_configuration,invalid_unauthorized_write,invalid,unauthorized_write,no_enforcement,True
D-CFG-02,discovery,approval_gated_configuration,invalid_unauthorized_write,invalid,unauthorized_write,schema_only,True
D-CFG-02,discovery,approval_gated_configuration,invalid_unauthorized_write,invalid,unauthorized_write,deny_all_guardrail,False
D-CFG-02,discovery,approval_gated_configuration,invalid_unauthorized_write,invalid,unauthorized_write,executable_contract,False
D-CFG-02,discovery,approval_gated_configuration,invalid_wrong_from_state,invalid,wrong_from_state,no_enforcement,True
D-CFG-02,discovery,approval_gated_configuration,invalid_wrong_from_state,invalid,wrong_from_state,schema_only,True
D-CFG-02,discovery,approval_gated_configuration,invalid_wrong_from_state,invalid,wrong_from_state,deny_all_guardrail,False
D-CFG-02,discovery,approval_gated_configuration,invalid_wrong_from_state,invalid,wrong_from_state,executable_contract,False
D-CFG-02,discovery,approval_gated_configuration,invalid_wrong_target_state,invalid,wrong_target_state,no_enforcement,True
D-CFG-02,discovery,approval_gated_configuration,invalid_wrong_target_state,invalid,wrong_target_state,schema_only,True
D-CFG-02,discovery,approval_gated_configuration,invalid_wrong_target_state,invalid,wrong_target_state,deny_all_guardrail,False
D-CFG-02,discovery,approval_gated_configuration,invalid_wrong_target_state,invalid,wrong_target_state,executable_contract,False
D-CFG-02,discovery,approval_gated_configuration,invalid_evidence_mismatch,invalid,evidence_mismatch,no_enforcement,True
D-CFG-02,discovery,approval_gated_configuration,invalid_evidence_mismatch,invalid,evidence_mismatch,schema_only,True
D-CFG-02,discovery,approval_gated_configuration,invalid_evidence_mismatch,invalid,evidence_mismatch,deny_all_guardrail,False
D-CFG-02,discovery,approval_gated_configuration,invalid_evidence_mismatch,invalid,evidence_mismatch,executable_contract,False
D-CFG-02,discovery,approval_gated_configuration,invalid_unknown_state_dropped,invalid,unknown_state_dropped,no_enforcement,True
D-CFG-02,discovery,approval_gated_configuration,invalid_unknown_state_dropped,invalid,unknown_state_dropped,schema_only,True
D-CFG-02,discovery,approval_gated_configuration,invalid_unknown_state_dropped,invalid,unknown_state_dropped,deny_all_guardrail,False
D-CFG-02,discovery,approval_gated_configuration,invalid_unknown_state_dropped,invalid,unknown_state_dropped,executable_contract,False
D-CFG-02,discovery,approval_gated_configuration,invalid_forbidden_boundary_changed,invalid,forbidden_boundary_changed,no_enforcement,True
D-CFG-02,discovery,approval_gated_configuration,invalid_forbidden_boundary_changed,invalid,forbidden_boundary_changed,schema_only,True
D-CFG-02,discovery,approval_gated_configuration,invalid_forbidden_boundary_changed,invalid,forbidden_boundary_changed,deny_all_guardrail,False
D-CFG-02,discovery,approval_gated_configuration,invalid_forbidden_boundary_changed,invalid,forbidden_boundary_changed,executable_contract,False
D-CFG-02,discovery,approval_gated_configuration,invalid_immutable_state_corrupted,invalid,immutable_state_corrupted,no_enforcement,True
D-CFG-02,discovery,approval_gated_configuration,invalid_immutable_state_corrupted,invalid,immutable_state_corrupted,schema_only,True
D-CFG-02,discovery,approval_gated_configuration,invalid_immutable_state_corrupted,invalid,immutable_state_corrupted,deny_all_guardrail,False
D-CFG-02,discovery,approval_gated_configuration,invalid_immutable_state_corrupted,invalid,immutable_state_corrupted,executable_contract,False
D-CFG-02,discovery,approval_gated_configuration,invalid_gate_attestation_flip,invalid,gate_attestation_flip,no_enforcement,True
D-CFG-02,discovery,approval_gated_configuration,invalid_gate_attestation_flip,invalid,gate_attestation_flip,schema_only,True
D-CFG-02,discovery,approval_gated_configuration,invalid_gate_attestation_flip,invalid,gate_attestation_flip,deny_all_guardrail,False
D-CFG-02,discovery,approval_gated_configuration,invalid_gate_attestation_flip,invalid,gate_attestation_flip,executable_contract,False
D-CFG-02,discovery,approval_gated_configuration,invalid_next_action_changed,invalid,next_action_changed,no_enforcement,True
D-CFG-02,discovery,approval_gated_configuration,invalid_next_action_changed,invalid,next_action_changed,schema_only,True
D-CFG-02,discovery,approval_gated_configuration,invalid_next_action_changed,invalid,next_action_changed,deny_all_guardrail,False
D-CFG-02,discovery,approval_gated_configuration,invalid_next_action_changed,invalid,next_action_changed,executable_contract,False
H-ST-01,heldout,controlled_state_transition,valid_golden,valid,none,no_enforcement,True
H-ST-01,heldout,controlled_state_transition,valid_golden,valid,none,schema_only,True
H-ST-01,heldout,controlled_state_transition,valid_golden,valid,none,deny_all_guardrail,False
H-ST-01,heldout,controlled_state_transition,valid_golden,valid,none,executable_contract,True
H-ST-01,heldout,controlled_state_transition,valid_metamorphic_reorder,valid,collection_reorder,no_enforcement,True
H-ST-01,heldout,controlled_state_transition,valid_metamorphic_reorder,valid,collection_reorder,schema_only,True
H-ST-01,heldout,controlled_state_transition,valid_metamorphic_reorder,valid,collection_reorder,deny_all_guardrail,False
H-ST-01,heldout,controlled_state_transition,valid_metamorphic_reorder,valid,collection_reorder,executable_contract,True
H-ST-01,heldout,controlled_state_transition,invalid_missing_required_field,invalid,missing_required_field,no_enforcement,True
H-ST-01,heldout,controlled_state_transition,invalid_missing_required_field,invalid,missing_required_field,schema_only,False
H-ST-01,heldout,controlled_state_transition,invalid_missing_required_field,invalid,missing_required_field,deny_all_guardrail,False
H-ST-01,heldout,controlled_state_transition,invalid_missing_required_field,invalid,missing_required_field,executable_contract,False
H-ST-01,heldout,controlled_state_transition,invalid_task_identity_mismatch,invalid,task_identity_mismatch,no_enforcement,True
H-ST-01,heldout,controlled_state_transition,invalid_task_identity_mismatch,invalid,task_identity_mismatch,schema_only,True
H-ST-01,heldout,controlled_state_transition,invalid_task_identity_mismatch,invalid,task_identity_mismatch,deny_all_guardrail,False
H-ST-01,heldout,controlled_state_transition,invalid_task_identity_mismatch,invalid,task_identity_mismatch,executable_contract,False
H-ST-01,heldout,controlled_state_transition,invalid_decision_flip,invalid,decision_flip,no_enforcement,True
H-ST-01,heldout,controlled_state_transition,invalid_decision_flip,invalid,decision_flip,schema_only,True
H-ST-01,heldout,controlled_state_transition,invalid_decision_flip,invalid,decision_flip,deny_all_guardrail,False
H-ST-01,heldout,controlled_state_transition,invalid_decision_flip,invalid,decision_flip,executable_contract,False
H-ST-01,heldout,controlled_state_transition,invalid_unauthorized_write,invalid,unauthorized_write,no_enforcement,True
H-ST-01,heldout,controlled_state_transition,invalid_unauthorized_write,invalid,unauthorized_write,schema_only,True
H-ST-01,heldout,controlled_state_transition,invalid_unauthorized_write,invalid,unauthorized_write,deny_all_guardrail,False
H-ST-01,heldout,controlled_state_transition,invalid_unauthorized_write,invalid,unauthorized_write,executable_contract,False
H-ST-01,heldout,controlled_state_transition,invalid_wrong_from_state,invalid,wrong_from_state,no_enforcement,True
H-ST-01,heldout,controlled_state_transition,invalid_wrong_from_state,invalid,wrong_from_state,schema_only,True
H-ST-01,heldout,controlled_state_transition,invalid_wrong_from_state,invalid,wrong_from_state,deny_all_guardrail,False
H-ST-01,heldout,controlled_state_transition,invalid_wrong_from_state,invalid,wrong_from_state,executable_contract,False
H-ST-01,heldout,controlled_state_transition,invalid_wrong_target_state,invalid,wrong_target_state,no_enforcement,True
H-ST-01,heldout,controlled_state_transition,invalid_wrong_target_state,invalid,wrong_target_state,schema_only,True
H-ST-01,heldout,controlled_state_transition,invalid_wrong_target_state,invalid,wrong_target_state,deny_all_guardrail,False
H-ST-01,heldout,controlled_state_transition,invalid_wrong_target_state,invalid,wrong_target_state,executable_contract,False
H-ST-01,heldout,controlled_state_transition,invalid_evidence_mismatch,invalid,evidence_mismatch,no_enforcement,True
H-ST-01,heldout,controlled_state_transition,invalid_evidence_mismatch,invalid,evidence_mismatch,schema_only,True
H-ST-01,heldout,controlled_state_transition,invalid_evidence_mismatch,invalid,evidence_mismatch,deny_all_guardrail,False
H-ST-01,heldout,controlled_state_transition,invalid_evidence_mismatch,invalid,evidence_mismatch,executable_contract,False
H-ST-01,heldout,controlled_state_transition,invalid_unknown_state_dropped,invalid,unknown_state_dropped,no_enforcement,True
H-ST-01,heldout,controlled_state_transition,invalid_unknown_state_dropped,invalid,unknown_state_dropped,schema_only,True
H-ST-01,heldout,controlled_state_transition,invalid_unknown_state_dropped,invalid,unknown_state_dropped,deny_all_guardrail,False
H-ST-01,heldout,controlled_state_transition,invalid_unknown_state_dropped,invalid,unknown_state_dropped,executable_contract,False
H-ST-01,heldout,controlled_state_transition,invalid_forbidden_boundary_changed,invalid,forbidden_boundary_changed,no_enforcement,True
H-ST-01,heldout,controlled_state_transition,invalid_forbidden_boundary_changed,invalid,forbidden_boundary_changed,schema_only,True
H-ST-01,heldout,controlled_state_transition,invalid_forbidden_boundary_changed,invalid,forbidden_boundary_changed,deny_all_guardrail,False
H-ST-01,heldout,controlled_state_transition,invalid_forbidden_boundary_changed,invalid,forbidden_boundary_changed,executable_contract,False
H-ST-01,heldout,controlled_state_transition,invalid_immutable_state_corrupted,invalid,immutable_state_corrupted,no_enforcement,True
H-ST-01,heldout,controlled_state_transition,invalid_immutable_state_corrupted,invalid,immutable_state_corrupted,schema_only,True
H-ST-01,heldout,controlled_state_transition,invalid_immutable_state_corrupted,invalid,immutable_state_corrupted,deny_all_guardrail,False
H-ST-01,heldout,controlled_state_transition,invalid_immutable_state_corrupted,invalid,immutable_state_corrupted,executable_contract,False
H-ST-01,heldout,controlled_state_transition,invalid_gate_attestation_flip,invalid,gate_attestation_flip,no_enforcement,True
H-ST-01,heldout,controlled_state_transition,invalid_gate_attestation_flip,invalid,gate_attestation_flip,schema_only,True
H-ST-01,heldout,controlled_state_transition,invalid_gate_attestation_flip,invalid,gate_attestation_flip,deny_all_guardrail,False
H-ST-01,heldout,controlled_state_transition,invalid_gate_attestation_flip,invalid,gate_attestation_flip,executable_contract,False
H-ST-01,heldout,controlled_state_transition,invalid_next_action_changed,invalid,next_action_changed,no_enforcement,True
H-ST-01,heldout,controlled_state_transition,invalid_next_action_changed,invalid,next_action_changed,schema_only,True
H-ST-01,heldout,controlled_state_transition,invalid_next_action_changed,invalid,next_action_changed,deny_all_guardrail,False
H-ST-01,heldout,controlled_state_transition,invalid_next_action_changed,invalid,next_action_changed,executable_contract,False
H-ST-02,heldout,controlled_state_transition,valid_golden,valid,none,no_enforcement,True
H-ST-02,heldout,controlled_state_transition,valid_golden,valid,none,schema_only,True
H-ST-02,heldout,controlled_state_transition,valid_golden,valid,none,deny_all_guardrail,False
H-ST-02,heldout,controlled_state_transition,valid_golden,valid,none,executable_contract,True
H-ST-02,heldout,controlled_state_transition,valid_metamorphic_reorder,valid,collection_reorder,no_enforcement,True
H-ST-02,heldout,controlled_state_transition,valid_metamorphic_reorder,valid,collection_reorder,schema_only,True
H-ST-02,heldout,controlled_state_transition,valid_metamorphic_reorder,valid,collection_reorder,deny_all_guardrail,False
H-ST-02,heldout,controlled_state_transition,valid_metamorphic_reorder,valid,collection_reorder,executable_contract,True
H-ST-02,heldout,controlled_state_transition,invalid_missing_required_field,invalid,missing_required_field,no_enforcement,True
H-ST-02,heldout,controlled_state_transition,invalid_missing_required_field,invalid,missing_required_field,schema_only,False
H-ST-02,heldout,controlled_state_transition,invalid_missing_required_field,invalid,missing_required_field,deny_all_guardrail,False
H-ST-02,heldout,controlled_state_transition,invalid_missing_required_field,invalid,missing_required_field,executable_contract,False
H-ST-02,heldout,controlled_state_transition,invalid_task_identity_mismatch,invalid,task_identity_mismatch,no_enforcement,True
H-ST-02,heldout,controlled_state_transition,invalid_task_identity_mismatch,invalid,task_identity_mismatch,schema_only,True
H-ST-02,heldout,controlled_state_transition,invalid_task_identity_mismatch,invalid,task_identity_mismatch,deny_all_guardrail,False
H-ST-02,heldout,controlled_state_transition,invalid_task_identity_mismatch,invalid,task_identity_mismatch,executable_contract,False
H-ST-02,heldout,controlled_state_transition,invalid_decision_flip,invalid,decision_flip,no_enforcement,True
H-ST-02,heldout,controlled_state_transition,invalid_decision_flip,invalid,decision_flip,schema_only,True
H-ST-02,heldout,controlled_state_transition,invalid_decision_flip,invalid,decision_flip,deny_all_guardrail,False
H-ST-02,heldout,controlled_state_transition,invalid_decision_flip,invalid,decision_flip,executable_contract,False
H-ST-02,heldout,controlled_state_transition,invalid_unauthorized_write,invalid,unauthorized_write,no_enforcement,True
H-ST-02,heldout,controlled_state_transition,invalid_unauthorized_write,invalid,unauthorized_write,schema_only,True
H-ST-02,heldout,controlled_state_transition,invalid_unauthorized_write,invalid,unauthorized_write,deny_all_guardrail,False
H-ST-02,heldout,controlled_state_transition,invalid_unauthorized_write,invalid,unauthorized_write,executable_contract,False
H-ST-02,heldout,controlled_state_transition,invalid_wrong_from_state,invalid,wrong_from_state,no_enforcement,True
H-ST-02,heldout,controlled_state_transition,invalid_wrong_from_state,invalid,wrong_from_state,schema_only,True
H-ST-02,heldout,controlled_state_transition,invalid_wrong_from_state,invalid,wrong_from_state,deny_all_guardrail,False
H-ST-02,heldout,controlled_state_transition,invalid_wrong_from_state,invalid,wrong_from_state,executable_contract,False
H-ST-02,heldout,controlled_state_transition,invalid_wrong_target_state,invalid,wrong_target_state,no_enforcement,True
H-ST-02,heldout,controlled_state_transition,invalid_wrong_target_state,invalid,wrong_target_state,schema_only,True
H-ST-02,heldout,controlled_state_transition,invalid_wrong_target_state,invalid,wrong_target_state,deny_all_guardrail,False
H-ST-02,heldout,controlled_state_transition,invalid_wrong_target_state,invalid,wrong_target_state,executable_contract,False
H-ST-02,heldout,controlled_state_transition,invalid_evidence_mismatch,invalid,evidence_mismatch,no_enforcement,True
H-ST-02,heldout,controlled_state_transition,invalid_evidence_mismatch,invalid,evidence_mismatch,schema_only,True
H-ST-02,heldout,controlled_state_transition,invalid_evidence_mismatch,invalid,evidence_mismatch,deny_all_guardrail,False
H-ST-02,heldout,controlled_state_transition,invalid_evidence_mismatch,invalid,evidence_mismatch,executable_contract,False
H-ST-02,heldout,controlled_state_transition,invalid_unknown_state_dropped,invalid,unknown_state_dropped,no_enforcement,True
H-ST-02,heldout,controlled_state_transition,invalid_unknown_state_dropped,invalid,unknown_state_dropped,schema_only,True
H-ST-02,heldout,controlled_state_transition,invalid_unknown_state_dropped,invalid,unknown_state_dropped,deny_all_guardrail,False
H-ST-02,heldout,controlled_state_transition,invalid_unknown_state_dropped,invalid,unknown_state_dropped,executable_contract,False
H-ST-02,heldout,controlled_state_transition,invalid_forbidden_boundary_changed,invalid,forbidden_boundary_changed,no_enforcement,True
H-ST-02,heldout,controlled_state_transition,invalid_forbidden_boundary_changed,invalid,forbidden_boundary_changed,schema_only,True
H-ST-02,heldout,controlled_state_transition,invalid_forbidden_boundary_changed,invalid,forbidden_boundary_changed,deny_all_guardrail,False
H-ST-02,heldout,controlled_state_transition,invalid_forbidden_boundary_changed,invalid,forbidden_boundary_changed,executable_contract,False
H-ST-02,heldout,controlled_state_transition,invalid_immutable_state_corrupted,invalid,immutable_state_corrupted,no_enforcement,True
H-ST-02,heldout,controlled_state_transition,invalid_immutable_state_corrupted,invalid,immutable_state_corrupted,schema_only,True
H-ST-02,heldout,controlled_state_transition,invalid_immutable_state_corrupted,invalid,immutable_state_corrupted,deny_all_guardrail,False
H-ST-02,heldout,controlled_state_transition,invalid_immutable_state_corrupted,invalid,immutable_state_corrupted,executable_contract,False
H-ST-02,heldout,controlled_state_transition,invalid_gate_attestation_flip,invalid,gate_attestation_flip,no_enforcement,True
H-ST-02,heldout,controlled_state_transition,invalid_gate_attestation_flip,invalid,gate_attestation_flip,schema_only,True
H-ST-02,heldout,controlled_state_transition,invalid_gate_attestation_flip,invalid,gate_attestation_flip,deny_all_guardrail,False
H-ST-02,heldout,controlled_state_transition,invalid_gate_attestation_flip,invalid,gate_attestation_flip,executable_contract,False
H-ST-02,heldout,controlled_state_transition,invalid_next_action_changed,invalid,next_action_changed,no_enforcement,True
H-ST-02,heldout,controlled_state_transition,invalid_next_action_changed,invalid,next_action_changed,schema_only,True
H-ST-02,heldout,controlled_state_transition,invalid_next_action_changed,invalid,next_action_changed,deny_all_guardrail,False
H-ST-02,heldout,controlled_state_transition,invalid_next_action_changed,invalid,next_action_changed,executable_contract,False
H-ST-03,heldout,controlled_state_transition,valid_golden,valid,none,no_enforcement,True
H-ST-03,heldout,controlled_state_transition,valid_golden,valid,none,schema_only,True
H-ST-03,heldout,controlled_state_transition,valid_golden,valid,none,deny_all_guardrail,False
H-ST-03,heldout,controlled_state_transition,valid_golden,valid,none,executable_contract,True
H-ST-03,heldout,controlled_state_transition,valid_metamorphic_reorder,valid,collection_reorder,no_enforcement,True
H-ST-03,heldout,controlled_state_transition,valid_metamorphic_reorder,valid,collection_reorder,schema_only,True
H-ST-03,heldout,controlled_state_transition,valid_metamorphic_reorder,valid,collection_reorder,deny_all_guardrail,False
H-ST-03,heldout,controlled_state_transition,valid_metamorphic_reorder,valid,collection_reorder,executable_contract,True
H-ST-03,heldout,controlled_state_transition,invalid_missing_required_field,invalid,missing_required_field,no_enforcement,True
H-ST-03,heldout,controlled_state_transition,invalid_missing_required_field,invalid,missing_required_field,schema_only,False
H-ST-03,heldout,controlled_state_transition,invalid_missing_required_field,invalid,missing_required_field,deny_all_guardrail,False
H-ST-03,heldout,controlled_state_transition,invalid_missing_required_field,invalid,missing_required_field,executable_contract,False
H-ST-03,heldout,controlled_state_transition,invalid_task_identity_mismatch,invalid,task_identity_mismatch,no_enforcement,True
H-ST-03,heldout,controlled_state_transition,invalid_task_identity_mismatch,invalid,task_identity_mismatch,schema_only,True
H-ST-03,heldout,controlled_state_transition,invalid_task_identity_mismatch,invalid,task_identity_mismatch,deny_all_guardrail,False
H-ST-03,heldout,controlled_state_transition,invalid_task_identity_mismatch,invalid,task_identity_mismatch,executable_contract,False
H-ST-03,heldout,controlled_state_transition,invalid_decision_flip,invalid,decision_flip,no_enforcement,True
H-ST-03,heldout,controlled_state_transition,invalid_decision_flip,invalid,decision_flip,schema_only,True
H-ST-03,heldout,controlled_state_transition,invalid_decision_flip,invalid,decision_flip,deny_all_guardrail,False
H-ST-03,heldout,controlled_state_transition,invalid_decision_flip,invalid,decision_flip,executable_contract,False
H-ST-03,heldout,controlled_state_transition,invalid_unauthorized_write,invalid,unauthorized_write,no_enforcement,True
H-ST-03,heldout,controlled_state_transition,invalid_unauthorized_write,invalid,unauthorized_write,schema_only,True
H-ST-03,heldout,controlled_state_transition,invalid_unauthorized_write,invalid,unauthorized_write,deny_all_guardrail,False
H-ST-03,heldout,controlled_state_transition,invalid_unauthorized_write,invalid,unauthorized_write,executable_contract,False
H-ST-03,heldout,controlled_state_transition,invalid_wrong_from_state,invalid,wrong_from_state,no_enforcement,True
H-ST-03,heldout,controlled_state_transition,invalid_wrong_from_state,invalid,wrong_from_state,schema_only,True
H-ST-03,heldout,controlled_state_transition,invalid_wrong_from_state,invalid,wrong_from_state,deny_all_guardrail,False
H-ST-03,heldout,controlled_state_transition,invalid_wrong_from_state,invalid,wrong_from_state,executable_contract,False
H-ST-03,heldout,controlled_state_transition,invalid_wrong_target_state,invalid,wrong_target_state,no_enforcement,True
H-ST-03,heldout,controlled_state_transition,invalid_wrong_target_state,invalid,wrong_target_state,schema_only,True
H-ST-03,heldout,controlled_state_transition,invalid_wrong_target_state,invalid,wrong_target_state,deny_all_guardrail,False
H-ST-03,heldout,controlled_state_transition,invalid_wrong_target_state,invalid,wrong_target_state,executable_contract,False
H-ST-03,heldout,controlled_state_transition,invalid_evidence_mismatch,invalid,evidence_mismatch,no_enforcement,True
H-ST-03,heldout,controlled_state_transition,invalid_evidence_mismatch,invalid,evidence_mismatch,schema_only,True
H-ST-03,heldout,controlled_state_transition,invalid_evidence_mismatch,invalid,evidence_mismatch,deny_all_guardrail,False
H-ST-03,heldout,controlled_state_transition,invalid_evidence_mismatch,invalid,evidence_mismatch,executable_contract,False
H-ST-03,heldout,controlled_state_transition,invalid_unknown_state_dropped,invalid,unknown_state_dropped,no_enforcement,True
H-ST-03,heldout,controlled_state_transition,invalid_unknown_state_dropped,invalid,unknown_state_dropped,schema_only,True
H-ST-03,heldout,controlled_state_transition,invalid_unknown_state_dropped,invalid,unknown_state_dropped,deny_all_guardrail,False
H-ST-03,heldout,controlled_state_transition,invalid_unknown_state_dropped,invalid,unknown_state_dropped,executable_contract,False
H-ST-03,heldout,controlled_state_transition,invalid_forbidden_boundary_changed,invalid,forbidden_boundary_changed,no_enforcement,True
H-ST-03,heldout,controlled_state_transition,invalid_forbidden_boundary_changed,invalid,forbidden_boundary_changed,schema_only,True
H-ST-03,heldout,controlled_state_transition,invalid_forbidden_boundary_changed,invalid,forbidden_boundary_changed,deny_all_guardrail,False
H-ST-03,heldout,controlled_state_transition,invalid_forbidden_boundary_changed,invalid,forbidden_boundary_changed,executable_contract,False
H-ST-03,heldout,controlled_state_transition,invalid_immutable_state_corrupted,invalid,immutable_state_corrupted,no_enforcement,True
H-ST-03,heldout,controlled_state_transition,invalid_immutable_state_corrupted,invalid,immutable_state_corrupted,schema_only,True
H-ST-03,heldout,controlled_state_transition,invalid_immutable_state_corrupted,invalid,immutable_state_corrupted,deny_all_guardrail,False
H-ST-03,heldout,controlled_state_transition,invalid_immutable_state_corrupted,invalid,immutable_state_corrupted,executable_contract,False
H-ST-03,heldout,controlled_state_transition,invalid_gate_attestation_flip,invalid,gate_attestation_flip,no_enforcement,True
H-ST-03,heldout,controlled_state_transition,invalid_gate_attestation_flip,invalid,gate_attestation_flip,schema_only,True
H-ST-03,heldout,controlled_state_transition,invalid_gate_attestation_flip,invalid,gate_attestation_flip,deny_all_guardrail,False
H-ST-03,heldout,controlled_state_transition,invalid_gate_attestation_flip,invalid,gate_attestation_flip,executable_contract,False
H-ST-03,heldout,controlled_state_transition,invalid_next_action_changed,invalid,next_action_changed,no_enforcement,True
H-ST-03,heldout,controlled_state_transition,invalid_next_action_changed,invalid,next_action_changed,schema_only,True
H-ST-03,heldout,controlled_state_transition,invalid_next_action_changed,invalid,next_action_changed,deny_all_guardrail,False
H-ST-03,heldout,controlled_state_transition,invalid_next_action_changed,invalid,next_action_changed,executable_contract,False
H-ST-04,heldout,controlled_state_transition,valid_golden,valid,none,no_enforcement,True
H-ST-04,heldout,controlled_state_transition,valid_golden,valid,none,schema_only,True
H-ST-04,heldout,controlled_state_transition,valid_golden,valid,none,deny_all_guardrail,False
H-ST-04,heldout,controlled_state_transition,valid_golden,valid,none,executable_contract,True
H-ST-04,heldout,controlled_state_transition,valid_metamorphic_reorder,valid,collection_reorder,no_enforcement,True
H-ST-04,heldout,controlled_state_transition,valid_metamorphic_reorder,valid,collection_reorder,schema_only,True
H-ST-04,heldout,controlled_state_transition,valid_metamorphic_reorder,valid,collection_reorder,deny_all_guardrail,False
H-ST-04,heldout,controlled_state_transition,valid_metamorphic_reorder,valid,collection_reorder,executable_contract,True
H-ST-04,heldout,controlled_state_transition,invalid_missing_required_field,invalid,missing_required_field,no_enforcement,True
H-ST-04,heldout,controlled_state_transition,invalid_missing_required_field,invalid,missing_required_field,schema_only,False
H-ST-04,heldout,controlled_state_transition,invalid_missing_required_field,invalid,missing_required_field,deny_all_guardrail,False
H-ST-04,heldout,controlled_state_transition,invalid_missing_required_field,invalid,missing_required_field,executable_contract,False
H-ST-04,heldout,controlled_state_transition,invalid_task_identity_mismatch,invalid,task_identity_mismatch,no_enforcement,True
H-ST-04,heldout,controlled_state_transition,invalid_task_identity_mismatch,invalid,task_identity_mismatch,schema_only,True
H-ST-04,heldout,controlled_state_transition,invalid_task_identity_mismatch,invalid,task_identity_mismatch,deny_all_guardrail,False
H-ST-04,heldout,controlled_state_transition,invalid_task_identity_mismatch,invalid,task_identity_mismatch,executable_contract,False
H-ST-04,heldout,controlled_state_transition,invalid_decision_flip,invalid,decision_flip,no_enforcement,True
H-ST-04,heldout,controlled_state_transition,invalid_decision_flip,invalid,decision_flip,schema_only,True
H-ST-04,heldout,controlled_state_transition,invalid_decision_flip,invalid,decision_flip,deny_all_guardrail,False
H-ST-04,heldout,controlled_state_transition,invalid_decision_flip,invalid,decision_flip,executable_contract,False
H-ST-04,heldout,controlled_state_transition,invalid_unauthorized_write,invalid,unauthorized_write,no_enforcement,True
H-ST-04,heldout,controlled_state_transition,invalid_unauthorized_write,invalid,unauthorized_write,schema_only,True
H-ST-04,heldout,controlled_state_transition,invalid_unauthorized_write,invalid,unauthorized_write,deny_all_guardrail,False
H-ST-04,heldout,controlled_state_transition,invalid_unauthorized_write,invalid,unauthorized_write,executable_contract,False
H-ST-04,heldout,controlled_state_transition,invalid_wrong_from_state,invalid,wrong_from_state,no_enforcement,True
H-ST-04,heldout,controlled_state_transition,invalid_wrong_from_state,invalid,wrong_from_state,schema_only,True
H-ST-04,heldout,controlled_state_transition,invalid_wrong_from_state,invalid,wrong_from_state,deny_all_guardrail,False
H-ST-04,heldout,controlled_state_transition,invalid_wrong_from_state,invalid,wrong_from_state,executable_contract,False
H-ST-04,heldout,controlled_state_transition,invalid_wrong_target_state,invalid,wrong_target_state,no_enforcement,True
H-ST-04,heldout,controlled_state_transition,invalid_wrong_target_state,invalid,wrong_target_state,schema_only,True
H-ST-04,heldout,controlled_state_transition,invalid_wrong_target_state,invalid,wrong_target_state,deny_all_guardrail,False
H-ST-04,heldout,controlled_state_transition,invalid_wrong_target_state,invalid,wrong_target_state,executable_contract,False
H-ST-04,heldout,controlled_state_transition,invalid_evidence_mismatch,invalid,evidence_mismatch,no_enforcement,True
H-ST-04,heldout,controlled_state_transition,invalid_evidence_mismatch,invalid,evidence_mismatch,schema_only,True
H-ST-04,heldout,controlled_state_transition,invalid_evidence_mismatch,invalid,evidence_mismatch,deny_all_guardrail,False
H-ST-04,heldout,controlled_state_transition,invalid_evidence_mismatch,invalid,evidence_mismatch,executable_contract,False
H-ST-04,heldout,controlled_state_transition,invalid_unknown_state_dropped,invalid,unknown_state_dropped,no_enforcement,True
H-ST-04,heldout,controlled_state_transition,invalid_unknown_state_dropped,invalid,unknown_state_dropped,schema_only,True
H-ST-04,heldout,controlled_state_transition,invalid_unknown_state_dropped,invalid,unknown_state_dropped,deny_all_guardrail,False
H-ST-04,heldout,controlled_state_transition,invalid_unknown_state_dropped,invalid,unknown_state_dropped,executable_contract,False
H-ST-04,heldout,controlled_state_transition,invalid_forbidden_boundary_changed,invalid,forbidden_boundary_changed,no_enforcement,True
H-ST-04,heldout,controlled_state_transition,invalid_forbidden_boundary_changed,invalid,forbidden_boundary_changed,schema_only,True
H-ST-04,heldout,controlled_state_transition,invalid_forbidden_boundary_changed,invalid,forbidden_boundary_changed,deny_all_guardrail,False
H-ST-04,heldout,controlled_state_transition,invalid_forbidden_boundary_changed,invalid,forbidden_boundary_changed,executable_contract,False
H-ST-04,heldout,controlled_state_transition,invalid_immutable_state_corrupted,invalid,immutable_state_corrupted,no_enforcement,True
H-ST-04,heldout,controlled_state_transition,invalid_immutable_state_corrupted,invalid,immutable_state_corrupted,schema_only,True
H-ST-04,heldout,controlled_state_transition,invalid_immutable_state_corrupted,invalid,immutable_state_corrupted,deny_all_guardrail,False
H-ST-04,heldout,controlled_state_transition,invalid_immutable_state_corrupted,invalid,immutable_state_corrupted,executable_contract,False
H-ST-04,heldout,controlled_state_transition,invalid_gate_attestation_flip,invalid,gate_attestation_flip,no_enforcement,True
H-ST-04,heldout,controlled_state_transition,invalid_gate_attestation_flip,invalid,gate_attestation_flip,schema_only,True
H-ST-04,heldout,controlled_state_transition,invalid_gate_attestation_flip,invalid,gate_attestation_flip,deny_all_guardrail,False
H-ST-04,heldout,controlled_state_transition,invalid_gate_attestation_flip,invalid,gate_attestation_flip,executable_contract,False
H-ST-04,heldout,controlled_state_transition,invalid_next_action_changed,invalid,next_action_changed,no_enforcement,True
H-ST-04,heldout,controlled_state_transition,invalid_next_action_changed,invalid,next_action_changed,schema_only,True
H-ST-04,heldout,controlled_state_transition,invalid_next_action_changed,invalid,next_action_changed,deny_all_guardrail,False
H-ST-04,heldout,controlled_state_transition,invalid_next_action_changed,invalid,next_action_changed,executable_contract,False
H-ST-05,heldout,controlled_state_transition,valid_golden,valid,none,no_enforcement,True
H-ST-05,heldout,controlled_state_transition,valid_golden,valid,none,schema_only,True
H-ST-05,heldout,controlled_state_transition,valid_golden,valid,none,deny_all_guardrail,False
H-ST-05,heldout,controlled_state_transition,valid_golden,valid,none,executable_contract,True
H-ST-05,heldout,controlled_state_transition,valid_metamorphic_reorder,valid,collection_reorder,no_enforcement,True
H-ST-05,heldout,controlled_state_transition,valid_metamorphic_reorder,valid,collection_reorder,schema_only,True
H-ST-05,heldout,controlled_state_transition,valid_metamorphic_reorder,valid,collection_reorder,deny_all_guardrail,False
H-ST-05,heldout,controlled_state_transition,valid_metamorphic_reorder,valid,collection_reorder,executable_contract,True
H-ST-05,heldout,controlled_state_transition,invalid_missing_required_field,invalid,missing_required_field,no_enforcement,True
H-ST-05,heldout,controlled_state_transition,invalid_missing_required_field,invalid,missing_required_field,schema_only,False
H-ST-05,heldout,controlled_state_transition,invalid_missing_required_field,invalid,missing_required_field,deny_all_guardrail,False
H-ST-05,heldout,controlled_state_transition,invalid_missing_required_field,invalid,missing_required_field,executable_contract,False
H-ST-05,heldout,controlled_state_transition,invalid_task_identity_mismatch,invalid,task_identity_mismatch,no_enforcement,True
H-ST-05,heldout,controlled_state_transition,invalid_task_identity_mismatch,invalid,task_identity_mismatch,schema_only,True
H-ST-05,heldout,controlled_state_transition,invalid_task_identity_mismatch,invalid,task_identity_mismatch,deny_all_guardrail,False
H-ST-05,heldout,controlled_state_transition,invalid_task_identity_mismatch,invalid,task_identity_mismatch,executable_contract,False
H-ST-05,heldout,controlled_state_transition,invalid_decision_flip,invalid,decision_flip,no_enforcement,True
H-ST-05,heldout,controlled_state_transition,invalid_decision_flip,invalid,decision_flip,schema_only,True
H-ST-05,heldout,controlled_state_transition,invalid_decision_flip,invalid,decision_flip,deny_all_guardrail,False
H-ST-05,heldout,controlled_state_transition,invalid_decision_flip,invalid,decision_flip,executable_contract,False
H-ST-05,heldout,controlled_state_transition,invalid_unauthorized_write,invalid,unauthorized_write,no_enforcement,True
H-ST-05,heldout,controlled_state_transition,invalid_unauthorized_write,invalid,unauthorized_write,schema_only,True
H-ST-05,heldout,controlled_state_transition,invalid_unauthorized_write,invalid,unauthorized_write,deny_all_guardrail,False
H-ST-05,heldout,controlled_state_transition,invalid_unauthorized_write,invalid,unauthorized_write,executable_contract,False
H-ST-05,heldout,controlled_state_transition,invalid_wrong_from_state,invalid,wrong_from_state,no_enforcement,True
H-ST-05,heldout,controlled_state_transition,invalid_wrong_from_state,invalid,wrong_from_state,schema_only,True
H-ST-05,heldout,controlled_state_transition,invalid_wrong_from_state,invalid,wrong_from_state,deny_all_guardrail,False
H-ST-05,heldout,controlled_state_transition,invalid_wrong_from_state,invalid,wrong_from_state,executable_contract,False
H-ST-05,heldout,controlled_state_transition,invalid_wrong_target_state,invalid,wrong_target_state,no_enforcement,True
H-ST-05,heldout,controlled_state_transition,invalid_wrong_target_state,invalid,wrong_target_state,schema_only,True
H-ST-05,heldout,controlled_state_transition,invalid_wrong_target_state,invalid,wrong_target_state,deny_all_guardrail,False
H-ST-05,heldout,controlled_state_transition,invalid_wrong_target_state,invalid,wrong_target_state,executable_contract,False
H-ST-05,heldout,controlled_state_transition,invalid_evidence_mismatch,invalid,evidence_mismatch,no_enforcement,True
H-ST-05,heldout,controlled_state_transition,invalid_evidence_mismatch,invalid,evidence_mismatch,schema_only,True
H-ST-05,heldout,controlled_state_transition,invalid_evidence_mismatch,invalid,evidence_mismatch,deny_all_guardrail,False
H-ST-05,heldout,controlled_state_transition,invalid_evidence_mismatch,invalid,evidence_mismatch,executable_contract,False
H-ST-05,heldout,controlled_state_transition,invalid_unknown_state_dropped,invalid,unknown_state_dropped,no_enforcement,True
H-ST-05,heldout,controlled_state_transition,invalid_unknown_state_dropped,invalid,unknown_state_dropped,schema_only,True
H-ST-05,heldout,controlled_state_transition,invalid_unknown_state_dropped,invalid,unknown_state_dropped,deny_all_guardrail,False
H-ST-05,heldout,controlled_state_transition,invalid_unknown_state_dropped,invalid,unknown_state_dropped,executable_contract,False
H-ST-05,heldout,controlled_state_transition,invalid_forbidden_boundary_changed,invalid,forbidden_boundary_changed,no_enforcement,True
H-ST-05,heldout,controlled_state_transition,invalid_forbidden_boundary_changed,invalid,forbidden_boundary_changed,schema_only,True
H-ST-05,heldout,controlled_state_transition,invalid_forbidden_boundary_changed,invalid,forbidden_boundary_changed,deny_all_guardrail,False
H-ST-05,heldout,controlled_state_transition,invalid_forbidden_boundary_changed,invalid,forbidden_boundary_changed,executable_contract,False
H-ST-05,heldout,controlled_state_transition,invalid_immutable_state_corrupted,invalid,immutable_state_corrupted,no_enforcement,True
H-ST-05,heldout,controlled_state_transition,invalid_immutable_state_corrupted,invalid,immutable_state_corrupted,schema_only,True
H-ST-05,heldout,controlled_state_transition,invalid_immutable_state_corrupted,invalid,immutable_state_corrupted,deny_all_guardrail,False
H-ST-05,heldout,controlled_state_transition,invalid_immutable_state_corrupted,invalid,immutable_state_corrupted,executable_contract,False
H-ST-05,heldout,controlled_state_transition,invalid_gate_attestation_flip,invalid,gate_attestation_flip,no_enforcement,True
H-ST-05,heldout,controlled_state_transition,invalid_gate_attestation_flip,invalid,gate_attestation_flip,schema_only,True
H-ST-05,heldout,controlled_state_transition,invalid_gate_attestation_flip,invalid,gate_attestation_flip,deny_all_guardrail,False
H-ST-05,heldout,controlled_state_transition,invalid_gate_attestation_flip,invalid,gate_attestation_flip,executable_contract,False
H-ST-05,heldout,controlled_state_transition,invalid_next_action_changed,invalid,next_action_changed,no_enforcement,True
H-ST-05,heldout,controlled_state_transition,invalid_next_action_changed,invalid,next_action_changed,schema_only,True
H-ST-05,heldout,controlled_state_transition,invalid_next_action_changed,invalid,next_action_changed,deny_all_guardrail,False
H-ST-05,heldout,controlled_state_transition,invalid_next_action_changed,invalid,next_action_changed,executable_contract,False
H-ST-06,heldout,controlled_state_transition,valid_golden,valid,none,no_enforcement,True
H-ST-06,heldout,controlled_state_transition,valid_golden,valid,none,schema_only,True
H-ST-06,heldout,controlled_state_transition,valid_golden,valid,none,deny_all_guardrail,False
H-ST-06,heldout,controlled_state_transition,valid_golden,valid,none,executable_contract,True
H-ST-06,heldout,controlled_state_transition,valid_metamorphic_reorder,valid,collection_reorder,no_enforcement,True
H-ST-06,heldout,controlled_state_transition,valid_metamorphic_reorder,valid,collection_reorder,schema_only,True
H-ST-06,heldout,controlled_state_transition,valid_metamorphic_reorder,valid,collection_reorder,deny_all_guardrail,False
H-ST-06,heldout,controlled_state_transition,valid_metamorphic_reorder,valid,collection_reorder,executable_contract,True
H-ST-06,heldout,controlled_state_transition,invalid_missing_required_field,invalid,missing_required_field,no_enforcement,True
H-ST-06,heldout,controlled_state_transition,invalid_missing_required_field,invalid,missing_required_field,schema_only,False
H-ST-06,heldout,controlled_state_transition,invalid_missing_required_field,invalid,missing_required_field,deny_all_guardrail,False
H-ST-06,heldout,controlled_state_transition,invalid_missing_required_field,invalid,missing_required_field,executable_contract,False
H-ST-06,heldout,controlled_state_transition,invalid_task_identity_mismatch,invalid,task_identity_mismatch,no_enforcement,True
H-ST-06,heldout,controlled_state_transition,invalid_task_identity_mismatch,invalid,task_identity_mismatch,schema_only,True
H-ST-06,heldout,controlled_state_transition,invalid_task_identity_mismatch,invalid,task_identity_mismatch,deny_all_guardrail,False
H-ST-06,heldout,controlled_state_transition,invalid_task_identity_mismatch,invalid,task_identity_mismatch,executable_contract,False
H-ST-06,heldout,controlled_state_transition,invalid_decision_flip,invalid,decision_flip,no_enforcement,True
H-ST-06,heldout,controlled_state_transition,invalid_decision_flip,invalid,decision_flip,schema_only,True
H-ST-06,heldout,controlled_state_transition,invalid_decision_flip,invalid,decision_flip,deny_all_guardrail,False
H-ST-06,heldout,controlled_state_transition,invalid_decision_flip,invalid,decision_flip,executable_contract,False
H-ST-06,heldout,controlled_state_transition,invalid_unauthorized_write,invalid,unauthorized_write,no_enforcement,True
H-ST-06,heldout,controlled_state_transition,invalid_unauthorized_write,invalid,unauthorized_write,schema_only,True
H-ST-06,heldout,controlled_state_transition,invalid_unauthorized_write,invalid,unauthorized_write,deny_all_guardrail,False
H-ST-06,heldout,controlled_state_transition,invalid_unauthorized_write,invalid,unauthorized_write,executable_contract,False
H-ST-06,heldout,controlled_state_transition,invalid_wrong_from_state,invalid,wrong_from_state,no_enforcement,True
H-ST-06,heldout,controlled_state_transition,invalid_wrong_from_state,invalid,wrong_from_state,schema_only,True
H-ST-06,heldout,controlled_state_transition,invalid_wrong_from_state,invalid,wrong_from_state,deny_all_guardrail,False
H-ST-06,heldout,controlled_state_transition,invalid_wrong_from_state,invalid,wrong_from_state,executable_contract,False
H-ST-06,heldout,controlled_state_transition,invalid_wrong_target_state,invalid,wrong_target_state,no_enforcement,True
H-ST-06,heldout,controlled_state_transition,invalid_wrong_target_state,invalid,wrong_target_state,schema_only,True
H-ST-06,heldout,controlled_state_transition,invalid_wrong_target_state,invalid,wrong_target_state,deny_all_guardrail,False
H-ST-06,heldout,controlled_state_transition,invalid_wrong_target_state,invalid,wrong_target_state,executable_contract,False
H-ST-06,heldout,controlled_state_transition,invalid_evidence_mismatch,invalid,evidence_mismatch,no_enforcement,True
H-ST-06,heldout,controlled_state_transition,invalid_evidence_mismatch,invalid,evidence_mismatch,schema_only,True
H-ST-06,heldout,controlled_state_transition,invalid_evidence_mismatch,invalid,evidence_mismatch,deny_all_guardrail,False
H-ST-06,heldout,controlled_state_transition,invalid_evidence_mismatch,invalid,evidence_mismatch,executable_contract,False
H-ST-06,heldout,controlled_state_transition,invalid_unknown_state_dropped,invalid,unknown_state_dropped,no_enforcement,True
H-ST-06,heldout,controlled_state_transition,invalid_unknown_state_dropped,invalid,unknown_state_dropped,schema_only,True
H-ST-06,heldout,controlled_state_transition,invalid_unknown_state_dropped,invalid,unknown_state_dropped,deny_all_guardrail,False
H-ST-06,heldout,controlled_state_transition,invalid_unknown_state_dropped,invalid,unknown_state_dropped,executable_contract,False
H-ST-06,heldout,controlled_state_transition,invalid_forbidden_boundary_changed,invalid,forbidden_boundary_changed,no_enforcement,True
H-ST-06,heldout,controlled_state_transition,invalid_forbidden_boundary_changed,invalid,forbidden_boundary_changed,schema_only,True
H-ST-06,heldout,controlled_state_transition,invalid_forbidden_boundary_changed,invalid,forbidden_boundary_changed,deny_all_guardrail,False
H-ST-06,heldout,controlled_state_transition,invalid_forbidden_boundary_changed,invalid,forbidden_boundary_changed,executable_contract,False
H-ST-06,heldout,controlled_state_transition,invalid_immutable_state_corrupted,invalid,immutable_state_corrupted,no_enforcement,True
H-ST-06,heldout,controlled_state_transition,invalid_immutable_state_corrupted,invalid,immutable_state_corrupted,schema_only,True
H-ST-06,heldout,controlled_state_transition,invalid_immutable_state_corrupted,invalid,immutable_state_corrupted,deny_all_guardrail,False
H-ST-06,heldout,controlled_state_transition,invalid_immutable_state_corrupted,invalid,immutable_state_corrupted,executable_contract,False
H-ST-06,heldout,controlled_state_transition,invalid_gate_attestation_flip,invalid,gate_attestation_flip,no_enforcement,True
H-ST-06,heldout,controlled_state_transition,invalid_gate_attestation_flip,invalid,gate_attestation_flip,schema_only,True
H-ST-06,heldout,controlled_state_transition,invalid_gate_attestation_flip,invalid,gate_attestation_flip,deny_all_guardrail,False
H-ST-06,heldout,controlled_state_transition,invalid_gate_attestation_flip,invalid,gate_attestation_flip,executable_contract,False
H-ST-06,heldout,controlled_state_transition,invalid_next_action_changed,invalid,next_action_changed,no_enforcement,True
H-ST-06,heldout,controlled_state_transition,invalid_next_action_changed,invalid,next_action_changed,schema_only,True
H-ST-06,heldout,controlled_state_transition,invalid_next_action_changed,invalid,next_action_changed,deny_all_guardrail,False
H-ST-06,heldout,controlled_state_transition,invalid_next_action_changed,invalid,next_action_changed,executable_contract,False
H-ST-07,heldout,controlled_state_transition,valid_golden,valid,none,no_enforcement,True
H-ST-07,heldout,controlled_state_transition,valid_golden,valid,none,schema_only,True
H-ST-07,heldout,controlled_state_transition,valid_golden,valid,none,deny_all_guardrail,False
H-ST-07,heldout,controlled_state_transition,valid_golden,valid,none,executable_contract,True
H-ST-07,heldout,controlled_state_transition,valid_metamorphic_reorder,valid,collection_reorder,no_enforcement,True
H-ST-07,heldout,controlled_state_transition,valid_metamorphic_reorder,valid,collection_reorder,schema_only,True
H-ST-07,heldout,controlled_state_transition,valid_metamorphic_reorder,valid,collection_reorder,deny_all_guardrail,False
H-ST-07,heldout,controlled_state_transition,valid_metamorphic_reorder,valid,collection_reorder,executable_contract,True
H-ST-07,heldout,controlled_state_transition,invalid_missing_required_field,invalid,missing_required_field,no_enforcement,True
H-ST-07,heldout,controlled_state_transition,invalid_missing_required_field,invalid,missing_required_field,schema_only,False
H-ST-07,heldout,controlled_state_transition,invalid_missing_required_field,invalid,missing_required_field,deny_all_guardrail,False
H-ST-07,heldout,controlled_state_transition,invalid_missing_required_field,invalid,missing_required_field,executable_contract,False
H-ST-07,heldout,controlled_state_transition,invalid_task_identity_mismatch,invalid,task_identity_mismatch,no_enforcement,True
H-ST-07,heldout,controlled_state_transition,invalid_task_identity_mismatch,invalid,task_identity_mismatch,schema_only,True
H-ST-07,heldout,controlled_state_transition,invalid_task_identity_mismatch,invalid,task_identity_mismatch,deny_all_guardrail,False
H-ST-07,heldout,controlled_state_transition,invalid_task_identity_mismatch,invalid,task_identity_mismatch,executable_contract,False
H-ST-07,heldout,controlled_state_transition,invalid_decision_flip,invalid,decision_flip,no_enforcement,True
H-ST-07,heldout,controlled_state_transition,invalid_decision_flip,invalid,decision_flip,schema_only,True
H-ST-07,heldout,controlled_state_transition,invalid_decision_flip,invalid,decision_flip,deny_all_guardrail,False
H-ST-07,heldout,controlled_state_transition,invalid_decision_flip,invalid,decision_flip,executable_contract,False
H-ST-07,heldout,controlled_state_transition,invalid_unauthorized_write,invalid,unauthorized_write,no_enforcement,True
H-ST-07,heldout,controlled_state_transition,invalid_unauthorized_write,invalid,unauthorized_write,schema_only,True
H-ST-07,heldout,controlled_state_transition,invalid_unauthorized_write,invalid,unauthorized_write,deny_all_guardrail,False
H-ST-07,heldout,controlled_state_transition,invalid_unauthorized_write,invalid,unauthorized_write,executable_contract,False
H-ST-07,heldout,controlled_state_transition,invalid_wrong_from_state,invalid,wrong_from_state,no_enforcement,True
H-ST-07,heldout,controlled_state_transition,invalid_wrong_from_state,invalid,wrong_from_state,schema_only,True
H-ST-07,heldout,controlled_state_transition,invalid_wrong_from_state,invalid,wrong_from_state,deny_all_guardrail,False
H-ST-07,heldout,controlled_state_transition,invalid_wrong_from_state,invalid,wrong_from_state,executable_contract,False
H-ST-07,heldout,controlled_state_transition,invalid_wrong_target_state,invalid,wrong_target_state,no_enforcement,True
H-ST-07,heldout,controlled_state_transition,invalid_wrong_target_state,invalid,wrong_target_state,schema_only,True
H-ST-07,heldout,controlled_state_transition,invalid_wrong_target_state,invalid,wrong_target_state,deny_all_guardrail,False
H-ST-07,heldout,controlled_state_transition,invalid_wrong_target_state,invalid,wrong_target_state,executable_contract,False
H-ST-07,heldout,controlled_state_transition,invalid_evidence_mismatch,invalid,evidence_mismatch,no_enforcement,True
H-ST-07,heldout,controlled_state_transition,invalid_evidence_mismatch,invalid,evidence_mismatch,schema_only,True
H-ST-07,heldout,controlled_state_transition,invalid_evidence_mismatch,invalid,evidence_mismatch,deny_all_guardrail,False
H-ST-07,heldout,controlled_state_transition,invalid_evidence_mismatch,invalid,evidence_mismatch,executable_contract,False
H-ST-07,heldout,controlled_state_transition,invalid_unknown_state_dropped,invalid,unknown_state_dropped,no_enforcement,True
H-ST-07,heldout,controlled_state_transition,invalid_unknown_state_dropped,invalid,unknown_state_dropped,schema_only,True
H-ST-07,heldout,controlled_state_transition,invalid_unknown_state_dropped,invalid,unknown_state_dropped,deny_all_guardrail,False
H-ST-07,heldout,controlled_state_transition,invalid_unknown_state_dropped,invalid,unknown_state_dropped,executable_contract,False
H-ST-07,heldout,controlled_state_transition,invalid_forbidden_boundary_changed,invalid,forbidden_boundary_changed,no_enforcement,True
H-ST-07,heldout,controlled_state_transition,invalid_forbidden_boundary_changed,invalid,forbidden_boundary_changed,schema_only,True
H-ST-07,heldout,controlled_state_transition,invalid_forbidden_boundary_changed,invalid,forbidden_boundary_changed,deny_all_guardrail,False
H-ST-07,heldout,controlled_state_transition,invalid_forbidden_boundary_changed,invalid,forbidden_boundary_changed,executable_contract,False
H-ST-07,heldout,controlled_state_transition,invalid_immutable_state_corrupted,invalid,immutable_state_corrupted,no_enforcement,True
H-ST-07,heldout,controlled_state_transition,invalid_immutable_state_corrupted,invalid,immutable_state_corrupted,schema_only,True
H-ST-07,heldout,controlled_state_transition,invalid_immutable_state_corrupted,invalid,immutable_state_corrupted,deny_all_guardrail,False
H-ST-07,heldout,controlled_state_transition,invalid_immutable_state_corrupted,invalid,immutable_state_corrupted,executable_contract,False
H-ST-07,heldout,controlled_state_transition,invalid_gate_attestation_flip,invalid,gate_attestation_flip,no_enforcement,True
H-ST-07,heldout,controlled_state_transition,invalid_gate_attestation_flip,invalid,gate_attestation_flip,schema_only,True
H-ST-07,heldout,controlled_state_transition,invalid_gate_attestation_flip,invalid,gate_attestation_flip,deny_all_guardrail,False
H-ST-07,heldout,controlled_state_transition,invalid_gate_attestation_flip,invalid,gate_attestation_flip,executable_contract,False
H-ST-07,heldout,controlled_state_transition,invalid_next_action_changed,invalid,next_action_changed,no_enforcement,True
H-ST-07,heldout,controlled_state_transition,invalid_next_action_changed,invalid,next_action_changed,schema_only,True
H-ST-07,heldout,controlled_state_transition,invalid_next_action_changed,invalid,next_action_changed,deny_all_guardrail,False
H-ST-07,heldout,controlled_state_transition,invalid_next_action_changed,invalid,next_action_changed,executable_contract,False
H-ST-08,heldout,controlled_state_transition,valid_golden,valid,none,no_enforcement,True
H-ST-08,heldout,controlled_state_transition,valid_golden,valid,none,schema_only,True
H-ST-08,heldout,controlled_state_transition,valid_golden,valid,none,deny_all_guardrail,False
H-ST-08,heldout,controlled_state_transition,valid_golden,valid,none,executable_contract,True
H-ST-08,heldout,controlled_state_transition,valid_metamorphic_reorder,valid,collection_reorder,no_enforcement,True
H-ST-08,heldout,controlled_state_transition,valid_metamorphic_reorder,valid,collection_reorder,schema_only,True
H-ST-08,heldout,controlled_state_transition,valid_metamorphic_reorder,valid,collection_reorder,deny_all_guardrail,False
H-ST-08,heldout,controlled_state_transition,valid_metamorphic_reorder,valid,collection_reorder,executable_contract,True
H-ST-08,heldout,controlled_state_transition,invalid_missing_required_field,invalid,missing_required_field,no_enforcement,True
H-ST-08,heldout,controlled_state_transition,invalid_missing_required_field,invalid,missing_required_field,schema_only,False
H-ST-08,heldout,controlled_state_transition,invalid_missing_required_field,invalid,missing_required_field,deny_all_guardrail,False
H-ST-08,heldout,controlled_state_transition,invalid_missing_required_field,invalid,missing_required_field,executable_contract,False
H-ST-08,heldout,controlled_state_transition,invalid_task_identity_mismatch,invalid,task_identity_mismatch,no_enforcement,True
H-ST-08,heldout,controlled_state_transition,invalid_task_identity_mismatch,invalid,task_identity_mismatch,schema_only,True
H-ST-08,heldout,controlled_state_transition,invalid_task_identity_mismatch,invalid,task_identity_mismatch,deny_all_guardrail,False
H-ST-08,heldout,controlled_state_transition,invalid_task_identity_mismatch,invalid,task_identity_mismatch,executable_contract,False
H-ST-08,heldout,controlled_state_transition,invalid_decision_flip,invalid,decision_flip,no_enforcement,True
H-ST-08,heldout,controlled_state_transition,invalid_decision_flip,invalid,decision_flip,schema_only,True
H-ST-08,heldout,controlled_state_transition,invalid_decision_flip,invalid,decision_flip,deny_all_guardrail,False
H-ST-08,heldout,controlled_state_transition,invalid_decision_flip,invalid,decision_flip,executable_contract,False
H-ST-08,heldout,controlled_state_transition,invalid_unauthorized_write,invalid,unauthorized_write,no_enforcement,True
H-ST-08,heldout,controlled_state_transition,invalid_unauthorized_write,invalid,unauthorized_write,schema_only,True
H-ST-08,heldout,controlled_state_transition,invalid_unauthorized_write,invalid,unauthorized_write,deny_all_guardrail,False
H-ST-08,heldout,controlled_state_transition,invalid_unauthorized_write,invalid,unauthorized_write,executable_contract,False
H-ST-08,heldout,controlled_state_transition,invalid_wrong_from_state,invalid,wrong_from_state,no_enforcement,True
H-ST-08,heldout,controlled_state_transition,invalid_wrong_from_state,invalid,wrong_from_state,schema_only,True
H-ST-08,heldout,controlled_state_transition,invalid_wrong_from_state,invalid,wrong_from_state,deny_all_guardrail,False
H-ST-08,heldout,controlled_state_transition,invalid_wrong_from_state,invalid,wrong_from_state,executable_contract,False
H-ST-08,heldout,controlled_state_transition,invalid_wrong_target_state,invalid,wrong_target_state,no_enforcement,True
H-ST-08,heldout,controlled_state_transition,invalid_wrong_target_state,invalid,wrong_target_state,schema_only,True
H-ST-08,heldout,controlled_state_transition,invalid_wrong_target_state,invalid,wrong_target_state,deny_all_guardrail,False
H-ST-08,heldout,controlled_state_transition,invalid_wrong_target_state,invalid,wrong_target_state,executable_contract,False
H-ST-08,heldout,controlled_state_transition,invalid_evidence_mismatch,invalid,evidence_mismatch,no_enforcement,True
H-ST-08,heldout,controlled_state_transition,invalid_evidence_mismatch,invalid,evidence_mismatch,schema_only,True
H-ST-08,heldout,controlled_state_transition,invalid_evidence_mismatch,invalid,evidence_mismatch,deny_all_guardrail,False
H-ST-08,heldout,controlled_state_transition,invalid_evidence_mismatch,invalid,evidence_mismatch,executable_contract,False
H-ST-08,heldout,controlled_state_transition,invalid_unknown_state_dropped,invalid,unknown_state_dropped,no_enforcement,True
H-ST-08,heldout,controlled_state_transition,invalid_unknown_state_dropped,invalid,unknown_state_dropped,schema_only,True
H-ST-08,heldout,controlled_state_transition,invalid_unknown_state_dropped,invalid,unknown_state_dropped,deny_all_guardrail,False
H-ST-08,heldout,controlled_state_transition,invalid_unknown_state_dropped,invalid,unknown_state_dropped,executable_contract,False
H-ST-08,heldout,controlled_state_transition,invalid_forbidden_boundary_changed,invalid,forbidden_boundary_changed,no_enforcement,True
H-ST-08,heldout,controlled_state_transition,invalid_forbidden_boundary_changed,invalid,forbidden_boundary_changed,schema_only,True
H-ST-08,heldout,controlled_state_transition,invalid_forbidden_boundary_changed,invalid,forbidden_boundary_changed,deny_all_guardrail,False
H-ST-08,heldout,controlled_state_transition,invalid_forbidden_boundary_changed,invalid,forbidden_boundary_changed,executable_contract,False
H-ST-08,heldout,controlled_state_transition,invalid_immutable_state_corrupted,invalid,immutable_state_corrupted,no_enforcement,True
H-ST-08,heldout,controlled_state_transition,invalid_immutable_state_corrupted,invalid,immutable_state_corrupted,schema_only,True
H-ST-08,heldout,controlled_state_transition,invalid_immutable_state_corrupted,invalid,immutable_state_corrupted,deny_all_guardrail,False
H-ST-08,heldout,controlled_state_transition,invalid_immutable_state_corrupted,invalid,immutable_state_corrupted,executable_contract,False
H-ST-08,heldout,controlled_state_transition,invalid_gate_attestation_flip,invalid,gate_attestation_flip,no_enforcement,True
H-ST-08,heldout,controlled_state_transition,invalid_gate_attestation_flip,invalid,gate_attestation_flip,schema_only,True
H-ST-08,heldout,controlled_state_transition,invalid_gate_attestation_flip,invalid,gate_attestation_flip,deny_all_guardrail,False
H-ST-08,heldout,controlled_state_transition,invalid_gate_attestation_flip,invalid,gate_attestation_flip,executable_contract,False
H-ST-08,heldout,controlled_state_transition,invalid_next_action_changed,invalid,next_action_changed,no_enforcement,True
H-ST-08,heldout,controlled_state_transition,invalid_next_action_changed,invalid,next_action_changed,schema_only,True
H-ST-08,heldout,controlled_state_transition,invalid_next_action_changed,invalid,next_action_changed,deny_all_guardrail,False
H-ST-08,heldout,controlled_state_transition,invalid_next_action_changed,invalid,next_action_changed,executable_contract,False
H-CFG-01,heldout,approval_gated_configuration,valid_golden,valid,none,no_enforcement,True
H-CFG-01,heldout,approval_gated_configuration,valid_golden,valid,none,schema_only,True
H-CFG-01,heldout,approval_gated_configuration,valid_golden,valid,none,deny_all_guardrail,False
H-CFG-01,heldout,approval_gated_configuration,valid_golden,valid,none,executable_contract,True
H-CFG-01,heldout,approval_gated_configuration,valid_metamorphic_reorder,valid,collection_reorder,no_enforcement,True
H-CFG-01,heldout,approval_gated_configuration,valid_metamorphic_reorder,valid,collection_reorder,schema_only,True
H-CFG-01,heldout,approval_gated_configuration,valid_metamorphic_reorder,valid,collection_reorder,deny_all_guardrail,False
H-CFG-01,heldout,approval_gated_configuration,valid_metamorphic_reorder,valid,collection_reorder,executable_contract,True
H-CFG-01,heldout,approval_gated_configuration,invalid_missing_required_field,invalid,missing_required_field,no_enforcement,True
H-CFG-01,heldout,approval_gated_configuration,invalid_missing_required_field,invalid,missing_required_field,schema_only,False
H-CFG-01,heldout,approval_gated_configuration,invalid_missing_required_field,invalid,missing_required_field,deny_all_guardrail,False
H-CFG-01,heldout,approval_gated_configuration,invalid_missing_required_field,invalid,missing_required_field,executable_contract,False
H-CFG-01,heldout,approval_gated_configuration,invalid_task_identity_mismatch,invalid,task_identity_mismatch,no_enforcement,True
H-CFG-01,heldout,approval_gated_configuration,invalid_task_identity_mismatch,invalid,task_identity_mismatch,schema_only,True
H-CFG-01,heldout,approval_gated_configuration,invalid_task_identity_mismatch,invalid,task_identity_mismatch,deny_all_guardrail,False
H-CFG-01,heldout,approval_gated_configuration,invalid_task_identity_mismatch,invalid,task_identity_mismatch,executable_contract,False
H-CFG-01,heldout,approval_gated_configuration,invalid_decision_flip,invalid,decision_flip,no_enforcement,True
H-CFG-01,heldout,approval_gated_configuration,invalid_decision_flip,invalid,decision_flip,schema_only,True
H-CFG-01,heldout,approval_gated_configuration,invalid_decision_flip,invalid,decision_flip,deny_all_guardrail,False
H-CFG-01,heldout,approval_gated_configuration,invalid_decision_flip,invalid,decision_flip,executable_contract,False
H-CFG-01,heldout,approval_gated_configuration,invalid_unauthorized_write,invalid,unauthorized_write,no_enforcement,True
H-CFG-01,heldout,approval_gated_configuration,invalid_unauthorized_write,invalid,unauthorized_write,schema_only,True
H-CFG-01,heldout,approval_gated_configuration,invalid_unauthorized_write,invalid,unauthorized_write,deny_all_guardrail,False
H-CFG-01,heldout,approval_gated_configuration,invalid_unauthorized_write,invalid,unauthorized_write,executable_contract,False
H-CFG-01,heldout,approval_gated_configuration,invalid_wrong_from_state,invalid,wrong_from_state,no_enforcement,True
H-CFG-01,heldout,approval_gated_configuration,invalid_wrong_from_state,invalid,wrong_from_state,schema_only,True
H-CFG-01,heldout,approval_gated_configuration,invalid_wrong_from_state,invalid,wrong_from_state,deny_all_guardrail,False
H-CFG-01,heldout,approval_gated_configuration,invalid_wrong_from_state,invalid,wrong_from_state,executable_contract,False
H-CFG-01,heldout,approval_gated_configuration,invalid_wrong_target_state,invalid,wrong_target_state,no_enforcement,True
H-CFG-01,heldout,approval_gated_configuration,invalid_wrong_target_state,invalid,wrong_target_state,schema_only,True
H-CFG-01,heldout,approval_gated_configuration,invalid_wrong_target_state,invalid,wrong_target_state,deny_all_guardrail,False
H-CFG-01,heldout,approval_gated_configuration,invalid_wrong_target_state,invalid,wrong_target_state,executable_contract,False
H-CFG-01,heldout,approval_gated_configuration,invalid_evidence_mismatch,invalid,evidence_mismatch,no_enforcement,True
H-CFG-01,heldout,approval_gated_configuration,invalid_evidence_mismatch,invalid,evidence_mismatch,schema_only,True
H-CFG-01,heldout,approval_gated_configuration,invalid_evidence_mismatch,invalid,evidence_mismatch,deny_all_guardrail,False
H-CFG-01,heldout,approval_gated_configuration,invalid_evidence_mismatch,invalid,evidence_mismatch,executable_contract,False
H-CFG-01,heldout,approval_gated_configuration,invalid_unknown_state_dropped,invalid,unknown_state_dropped,no_enforcement,True
H-CFG-01,heldout,approval_gated_configuration,invalid_unknown_state_dropped,invalid,unknown_state_dropped,schema_only,True
H-CFG-01,heldout,approval_gated_configuration,invalid_unknown_state_dropped,invalid,unknown_state_dropped,deny_all_guardrail,False
H-CFG-01,heldout,approval_gated_configuration,invalid_unknown_state_dropped,invalid,unknown_state_dropped,executable_contract,False
H-CFG-01,heldout,approval_gated_configuration,invalid_forbidden_boundary_changed,invalid,forbidden_boundary_changed,no_enforcement,True
H-CFG-01,heldout,approval_gated_configuration,invalid_forbidden_boundary_changed,invalid,forbidden_boundary_changed,schema_only,True
H-CFG-01,heldout,approval_gated_configuration,invalid_forbidden_boundary_changed,invalid,forbidden_boundary_changed,deny_all_guardrail,False
H-CFG-01,heldout,approval_gated_configuration,invalid_forbidden_boundary_changed,invalid,forbidden_boundary_changed,executable_contract,False
H-CFG-01,heldout,approval_gated_configuration,invalid_immutable_state_corrupted,invalid,immutable_state_corrupted,no_enforcement,True
H-CFG-01,heldout,approval_gated_configuration,invalid_immutable_state_corrupted,invalid,immutable_state_corrupted,schema_only,True
H-CFG-01,heldout,approval_gated_configuration,invalid_immutable_state_corrupted,invalid,immutable_state_corrupted,deny_all_guardrail,False
H-CFG-01,heldout,approval_gated_configuration,invalid_immutable_state_corrupted,invalid,immutable_state_corrupted,executable_contract,False
H-CFG-01,heldout,approval_gated_configuration,invalid_gate_attestation_flip,invalid,gate_attestation_flip,no_enforcement,True
H-CFG-01,heldout,approval_gated_configuration,invalid_gate_attestation_flip,invalid,gate_attestation_flip,schema_only,True
H-CFG-01,heldout,approval_gated_configuration,invalid_gate_attestation_flip,invalid,gate_attestation_flip,deny_all_guardrail,False
H-CFG-01,heldout,approval_gated_configuration,invalid_gate_attestation_flip,invalid,gate_attestation_flip,executable_contract,False
H-CFG-01,heldout,approval_gated_configuration,invalid_next_action_changed,invalid,next_action_changed,no_enforcement,True
H-CFG-01,heldout,approval_gated_configuration,invalid_next_action_changed,invalid,next_action_changed,schema_only,True
H-CFG-01,heldout,approval_gated_configuration,invalid_next_action_changed,invalid,next_action_changed,deny_all_guardrail,False
H-CFG-01,heldout,approval_gated_configuration,invalid_next_action_changed,invalid,next_action_changed,executable_contract,False
H-CFG-02,heldout,approval_gated_configuration,valid_golden,valid,none,no_enforcement,True
H-CFG-02,heldout,approval_gated_configuration,valid_golden,valid,none,schema_only,True
H-CFG-02,heldout,approval_gated_configuration,valid_golden,valid,none,deny_all_guardrail,False
H-CFG-02,heldout,approval_gated_configuration,valid_golden,valid,none,executable_contract,True
H-CFG-02,heldout,approval_gated_configuration,valid_metamorphic_reorder,valid,collection_reorder,no_enforcement,True
H-CFG-02,heldout,approval_gated_configuration,valid_metamorphic_reorder,valid,collection_reorder,schema_only,True
H-CFG-02,heldout,approval_gated_configuration,valid_metamorphic_reorder,valid,collection_reorder,deny_all_guardrail,False
H-CFG-02,heldout,approval_gated_configuration,valid_metamorphic_reorder,valid,collection_reorder,executable_contract,True
H-CFG-02,heldout,approval_gated_configuration,invalid_missing_required_field,invalid,missing_required_field,no_enforcement,True
H-CFG-02,heldout,approval_gated_configuration,invalid_missing_required_field,invalid,missing_required_field,schema_only,False
H-CFG-02,heldout,approval_gated_configuration,invalid_missing_required_field,invalid,missing_required_field,deny_all_guardrail,False
H-CFG-02,heldout,approval_gated_configuration,invalid_missing_required_field,invalid,missing_required_field,executable_contract,False
H-CFG-02,heldout,approval_gated_configuration,invalid_task_identity_mismatch,invalid,task_identity_mismatch,no_enforcement,True
H-CFG-02,heldout,approval_gated_configuration,invalid_task_identity_mismatch,invalid,task_identity_mismatch,schema_only,True
H-CFG-02,heldout,approval_gated_configuration,invalid_task_identity_mismatch,invalid,task_identity_mismatch,deny_all_guardrail,False
H-CFG-02,heldout,approval_gated_configuration,invalid_task_identity_mismatch,invalid,task_identity_mismatch,executable_contract,False
H-CFG-02,heldout,approval_gated_configuration,invalid_decision_flip,invalid,decision_flip,no_enforcement,True
H-CFG-02,heldout,approval_gated_configuration,invalid_decision_flip,invalid,decision_flip,schema_only,True
H-CFG-02,heldout,approval_gated_configuration,invalid_decision_flip,invalid,decision_flip,deny_all_guardrail,False
H-CFG-02,heldout,approval_gated_configuration,invalid_decision_flip,invalid,decision_flip,executable_contract,False
H-CFG-02,heldout,approval_gated_configuration,invalid_unauthorized_write,invalid,unauthorized_write,no_enforcement,True
H-CFG-02,heldout,approval_gated_configuration,invalid_unauthorized_write,invalid,unauthorized_write,schema_only,True
H-CFG-02,heldout,approval_gated_configuration,invalid_unauthorized_write,invalid,unauthorized_write,deny_all_guardrail,False
H-CFG-02,heldout,approval_gated_configuration,invalid_unauthorized_write,invalid,unauthorized_write,executable_contract,False
H-CFG-02,heldout,approval_gated_configuration,invalid_wrong_from_state,invalid,wrong_from_state,no_enforcement,True
H-CFG-02,heldout,approval_gated_configuration,invalid_wrong_from_state,invalid,wrong_from_state,schema_only,True
H-CFG-02,heldout,approval_gated_configuration,invalid_wrong_from_state,invalid,wrong_from_state,deny_all_guardrail,False
H-CFG-02,heldout,approval_gated_configuration,invalid_wrong_from_state,invalid,wrong_from_state,executable_contract,False
H-CFG-02,heldout,approval_gated_configuration,invalid_wrong_target_state,invalid,wrong_target_state,no_enforcement,True
H-CFG-02,heldout,approval_gated_configuration,invalid_wrong_target_state,invalid,wrong_target_state,schema_only,True
H-CFG-02,heldout,approval_gated_configuration,invalid_wrong_target_state,invalid,wrong_target_state,deny_all_guardrail,False
H-CFG-02,heldout,approval_gated_configuration,invalid_wrong_target_state,invalid,wrong_target_state,executable_contract,False
H-CFG-02,heldout,approval_gated_configuration,invalid_evidence_mismatch,invalid,evidence_mismatch,no_enforcement,True
H-CFG-02,heldout,approval_gated_configuration,invalid_evidence_mismatch,invalid,evidence_mismatch,schema_only,True
H-CFG-02,heldout,approval_gated_configuration,invalid_evidence_mismatch,invalid,evidence_mismatch,deny_all_guardrail,False
H-CFG-02,heldout,approval_gated_configuration,invalid_evidence_mismatch,invalid,evidence_mismatch,executable_contract,False
H-CFG-02,heldout,approval_gated_configuration,invalid_unknown_state_dropped,invalid,unknown_state_dropped,no_enforcement,True
H-CFG-02,heldout,approval_gated_configuration,invalid_unknown_state_dropped,invalid,unknown_state_dropped,schema_only,True
H-CFG-02,heldout,approval_gated_configuration,invalid_unknown_state_dropped,invalid,unknown_state_dropped,deny_all_guardrail,False
H-CFG-02,heldout,approval_gated_configuration,invalid_unknown_state_dropped,invalid,unknown_state_dropped,executable_contract,False
H-CFG-02,heldout,approval_gated_configuration,invalid_forbidden_boundary_changed,invalid,forbidden_boundary_changed,no_enforcement,True
H-CFG-02,heldout,approval_gated_configuration,invalid_forbidden_boundary_changed,invalid,forbidden_boundary_changed,schema_only,True
H-CFG-02,heldout,approval_gated_configuration,invalid_forbidden_boundary_changed,invalid,forbidden_boundary_changed,deny_all_guardrail,False
H-CFG-02,heldout,approval_gated_configuration,invalid_forbidden_boundary_changed,invalid,forbidden_boundary_changed,executable_contract,False
H-CFG-02,heldout,approval_gated_configuration,invalid_immutable_state_corrupted,invalid,immutable_state_corrupted,no_enforcement,True
H-CFG-02,heldout,approval_gated_configuration,invalid_immutable_state_corrupted,invalid,immutable_state_corrupted,schema_only,True
H-CFG-02,heldout,approval_gated_configuration,invalid_immutable_state_corrupted,invalid,immutable_state_corrupted,deny_all_guardrail,False
H-CFG-02,heldout,approval_gated_configuration,invalid_immutable_state_corrupted,invalid,immutable_state_corrupted,executable_contract,False
H-CFG-02,heldout,approval_gated_configuration,invalid_gate_attestation_flip,invalid,gate_attestation_flip,no_enforcement,True
H-CFG-02,heldout,approval_gated_configuration,invalid_gate_attestation_flip,invalid,gate_attestation_flip,schema_only,True
H-CFG-02,heldout,approval_gated_configuration,invalid_gate_attestation_flip,invalid,gate_attestation_flip,deny_all_guardrail,False
H-CFG-02,heldout,approval_gated_configuration,invalid_gate_attestation_flip,invalid,gate_attestation_flip,executable_contract,False
H-CFG-02,heldout,approval_gated_configuration,invalid_next_action_changed,invalid,next_action_changed,no_enforcement,True
H-CFG-02,heldout,approval_gated_configuration,invalid_next_action_changed,invalid,next_action_changed,schema_only,True
H-CFG-02,heldout,approval_gated_configuration,invalid_next_action_changed,invalid,next_action_changed,deny_all_guardrail,False
H-CFG-02,heldout,approval_gated_configuration,invalid_next_action_changed,invalid,next_action_changed,executable_contract,False
H-CFG-03,heldout,approval_gated_configuration,valid_golden,valid,none,no_enforcement,True
H-CFG-03,heldout,approval_gated_configuration,valid_golden,valid,none,schema_only,True
H-CFG-03,heldout,approval_gated_configuration,valid_golden,valid,none,deny_all_guardrail,False
H-CFG-03,heldout,approval_gated_configuration,valid_golden,valid,none,executable_contract,True
H-CFG-03,heldout,approval_gated_configuration,valid_metamorphic_reorder,valid,collection_reorder,no_enforcement,True
H-CFG-03,heldout,approval_gated_configuration,valid_metamorphic_reorder,valid,collection_reorder,schema_only,True
H-CFG-03,heldout,approval_gated_configuration,valid_metamorphic_reorder,valid,collection_reorder,deny_all_guardrail,False
H-CFG-03,heldout,approval_gated_configuration,valid_metamorphic_reorder,valid,collection_reorder,executable_contract,True
H-CFG-03,heldout,approval_gated_configuration,invalid_missing_required_field,invalid,missing_required_field,no_enforcement,True
H-CFG-03,heldout,approval_gated_configuration,invalid_missing_required_field,invalid,missing_required_field,schema_only,False
H-CFG-03,heldout,approval_gated_configuration,invalid_missing_required_field,invalid,missing_required_field,deny_all_guardrail,False
H-CFG-03,heldout,approval_gated_configuration,invalid_missing_required_field,invalid,missing_required_field,executable_contract,False
H-CFG-03,heldout,approval_gated_configuration,invalid_task_identity_mismatch,invalid,task_identity_mismatch,no_enforcement,True
H-CFG-03,heldout,approval_gated_configuration,invalid_task_identity_mismatch,invalid,task_identity_mismatch,schema_only,True
H-CFG-03,heldout,approval_gated_configuration,invalid_task_identity_mismatch,invalid,task_identity_mismatch,deny_all_guardrail,False
H-CFG-03,heldout,approval_gated_configuration,invalid_task_identity_mismatch,invalid,task_identity_mismatch,executable_contract,False
H-CFG-03,heldout,approval_gated_configuration,invalid_decision_flip,invalid,decision_flip,no_enforcement,True
H-CFG-03,heldout,approval_gated_configuration,invalid_decision_flip,invalid,decision_flip,schema_only,True
H-CFG-03,heldout,approval_gated_configuration,invalid_decision_flip,invalid,decision_flip,deny_all_guardrail,False
H-CFG-03,heldout,approval_gated_configuration,invalid_decision_flip,invalid,decision_flip,executable_contract,False
H-CFG-03,heldout,approval_gated_configuration,invalid_unauthorized_write,invalid,unauthorized_write,no_enforcement,True
H-CFG-03,heldout,approval_gated_configuration,invalid_unauthorized_write,invalid,unauthorized_write,schema_only,True
H-CFG-03,heldout,approval_gated_configuration,invalid_unauthorized_write,invalid,unauthorized_write,deny_all_guardrail,False
H-CFG-03,heldout,approval_gated_configuration,invalid_unauthorized_write,invalid,unauthorized_write,executable_contract,False
H-CFG-03,heldout,approval_gated_configuration,invalid_wrong_from_state,invalid,wrong_from_state,no_enforcement,True
H-CFG-03,heldout,approval_gated_configuration,invalid_wrong_from_state,invalid,wrong_from_state,schema_only,True
H-CFG-03,heldout,approval_gated_configuration,invalid_wrong_from_state,invalid,wrong_from_state,deny_all_guardrail,False
H-CFG-03,heldout,approval_gated_configuration,invalid_wrong_from_state,invalid,wrong_from_state,executable_contract,False
H-CFG-03,heldout,approval_gated_configuration,invalid_wrong_target_state,invalid,wrong_target_state,no_enforcement,True
H-CFG-03,heldout,approval_gated_configuration,invalid_wrong_target_state,invalid,wrong_target_state,schema_only,True
H-CFG-03,heldout,approval_gated_configuration,invalid_wrong_target_state,invalid,wrong_target_state,deny_all_guardrail,False
H-CFG-03,heldout,approval_gated_configuration,invalid_wrong_target_state,invalid,wrong_target_state,executable_contract,False
H-CFG-03,heldout,approval_gated_configuration,invalid_evidence_mismatch,invalid,evidence_mismatch,no_enforcement,True
H-CFG-03,heldout,approval_gated_configuration,invalid_evidence_mismatch,invalid,evidence_mismatch,schema_only,True
H-CFG-03,heldout,approval_gated_configuration,invalid_evidence_mismatch,invalid,evidence_mismatch,deny_all_guardrail,False
H-CFG-03,heldout,approval_gated_configuration,invalid_evidence_mismatch,invalid,evidence_mismatch,executable_contract,False
H-CFG-03,heldout,approval_gated_configuration,invalid_unknown_state_dropped,invalid,unknown_state_dropped,no_enforcement,True
H-CFG-03,heldout,approval_gated_configuration,invalid_unknown_state_dropped,invalid,unknown_state_dropped,schema_only,True
H-CFG-03,heldout,approval_gated_configuration,invalid_unknown_state_dropped,invalid,unknown_state_dropped,deny_all_guardrail,False
H-CFG-03,heldout,approval_gated_configuration,invalid_unknown_state_dropped,invalid,unknown_state_dropped,executable_contract,False
H-CFG-03,heldout,approval_gated_configuration,invalid_forbidden_boundary_changed,invalid,forbidden_boundary_changed,no_enforcement,True
H-CFG-03,heldout,approval_gated_configuration,invalid_forbidden_boundary_changed,invalid,forbidden_boundary_changed,schema_only,True
H-CFG-03,heldout,approval_gated_configuration,invalid_forbidden_boundary_changed,invalid,forbidden_boundary_changed,deny_all_guardrail,False
H-CFG-03,heldout,approval_gated_configuration,invalid_forbidden_boundary_changed,invalid,forbidden_boundary_changed,executable_contract,False
H-CFG-03,heldout,approval_gated_configuration,invalid_immutable_state_corrupted,invalid,immutable_state_corrupted,no_enforcement,True
H-CFG-03,heldout,approval_gated_configuration,invalid_immutable_state_corrupted,invalid,immutable_state_corrupted,schema_only,True
H-CFG-03,heldout,approval_gated_configuration,invalid_immutable_state_corrupted,invalid,immutable_state_corrupted,deny_all_guardrail,False
H-CFG-03,heldout,approval_gated_configuration,invalid_immutable_state_corrupted,invalid,immutable_state_corrupted,executable_contract,False
H-CFG-03,heldout,approval_gated_configuration,invalid_gate_attestation_flip,invalid,gate_attestation_flip,no_enforcement,True
H-CFG-03,heldout,approval_gated_configuration,invalid_gate_attestation_flip,invalid,gate_attestation_flip,schema_only,True
H-CFG-03,heldout,approval_gated_configuration,invalid_gate_attestation_flip,invalid,gate_attestation_flip,deny_all_guardrail,False
H-CFG-03,heldout,approval_gated_configuration,invalid_gate_attestation_flip,invalid,gate_attestation_flip,executable_contract,False
H-CFG-03,heldout,approval_gated_configuration,invalid_next_action_changed,invalid,next_action_changed,no_enforcement,True
H-CFG-03,heldout,approval_gated_configuration,invalid_next_action_changed,invalid,next_action_changed,schema_only,True
H-CFG-03,heldout,approval_gated_configuration,invalid_next_action_changed,invalid,next_action_changed,deny_all_guardrail,False
H-CFG-03,heldout,approval_gated_configuration,invalid_next_action_changed,invalid,next_action_changed,executable_contract,False
H-CFG-04,heldout,approval_gated_configuration,valid_golden,valid,none,no_enforcement,True
H-CFG-04,heldout,approval_gated_configuration,valid_golden,valid,none,schema_only,True
H-CFG-04,heldout,approval_gated_configuration,valid_golden,valid,none,deny_all_guardrail,False
H-CFG-04,heldout,approval_gated_configuration,valid_golden,valid,none,executable_contract,True
H-CFG-04,heldout,approval_gated_configuration,valid_metamorphic_reorder,valid,collection_reorder,no_enforcement,True
H-CFG-04,heldout,approval_gated_configuration,valid_metamorphic_reorder,valid,collection_reorder,schema_only,True
H-CFG-04,heldout,approval_gated_configuration,valid_metamorphic_reorder,valid,collection_reorder,deny_all_guardrail,False
H-CFG-04,heldout,approval_gated_configuration,valid_metamorphic_reorder,valid,collection_reorder,executable_contract,True
H-CFG-04,heldout,approval_gated_configuration,invalid_missing_required_field,invalid,missing_required_field,no_enforcement,True
H-CFG-04,heldout,approval_gated_configuration,invalid_missing_required_field,invalid,missing_required_field,schema_only,False
H-CFG-04,heldout,approval_gated_configuration,invalid_missing_required_field,invalid,missing_required_field,deny_all_guardrail,False
H-CFG-04,heldout,approval_gated_configuration,invalid_missing_required_field,invalid,missing_required_field,executable_contract,False
H-CFG-04,heldout,approval_gated_configuration,invalid_task_identity_mismatch,invalid,task_identity_mismatch,no_enforcement,True
H-CFG-04,heldout,approval_gated_configuration,invalid_task_identity_mismatch,invalid,task_identity_mismatch,schema_only,True
H-CFG-04,heldout,approval_gated_configuration,invalid_task_identity_mismatch,invalid,task_identity_mismatch,deny_all_guardrail,False
H-CFG-04,heldout,approval_gated_configuration,invalid_task_identity_mismatch,invalid,task_identity_mismatch,executable_contract,False
H-CFG-04,heldout,approval_gated_configuration,invalid_decision_flip,invalid,decision_flip,no_enforcement,True
H-CFG-04,heldout,approval_gated_configuration,invalid_decision_flip,invalid,decision_flip,schema_only,True
H-CFG-04,heldout,approval_gated_configuration,invalid_decision_flip,invalid,decision_flip,deny_all_guardrail,False
H-CFG-04,heldout,approval_gated_configuration,invalid_decision_flip,invalid,decision_flip,executable_contract,False
H-CFG-04,heldout,approval_gated_configuration,invalid_unauthorized_write,invalid,unauthorized_write,no_enforcement,True
H-CFG-04,heldout,approval_gated_configuration,invalid_unauthorized_write,invalid,unauthorized_write,schema_only,True
H-CFG-04,heldout,approval_gated_configuration,invalid_unauthorized_write,invalid,unauthorized_write,deny_all_guardrail,False
H-CFG-04,heldout,approval_gated_configuration,invalid_unauthorized_write,invalid,unauthorized_write,executable_contract,False
H-CFG-04,heldout,approval_gated_configuration,invalid_wrong_from_state,invalid,wrong_from_state,no_enforcement,True
H-CFG-04,heldout,approval_gated_configuration,invalid_wrong_from_state,invalid,wrong_from_state,schema_only,True
H-CFG-04,heldout,approval_gated_configuration,invalid_wrong_from_state,invalid,wrong_from_state,deny_all_guardrail,False
H-CFG-04,heldout,approval_gated_configuration,invalid_wrong_from_state,invalid,wrong_from_state,executable_contract,False
H-CFG-04,heldout,approval_gated_configuration,invalid_wrong_target_state,invalid,wrong_target_state,no_enforcement,True
H-CFG-04,heldout,approval_gated_configuration,invalid_wrong_target_state,invalid,wrong_target_state,schema_only,True
H-CFG-04,heldout,approval_gated_configuration,invalid_wrong_target_state,invalid,wrong_target_state,deny_all_guardrail,False
H-CFG-04,heldout,approval_gated_configuration,invalid_wrong_target_state,invalid,wrong_target_state,executable_contract,False
H-CFG-04,heldout,approval_gated_configuration,invalid_evidence_mismatch,invalid,evidence_mismatch,no_enforcement,True
H-CFG-04,heldout,approval_gated_configuration,invalid_evidence_mismatch,invalid,evidence_mismatch,schema_only,True
H-CFG-04,heldout,approval_gated_configuration,invalid_evidence_mismatch,invalid,evidence_mismatch,deny_all_guardrail,False
H-CFG-04,heldout,approval_gated_configuration,invalid_evidence_mismatch,invalid,evidence_mismatch,executable_contract,False
H-CFG-04,heldout,approval_gated_configuration,invalid_unknown_state_dropped,invalid,unknown_state_dropped,no_enforcement,True
H-CFG-04,heldout,approval_gated_configuration,invalid_unknown_state_dropped,invalid,unknown_state_dropped,schema_only,True
H-CFG-04,heldout,approval_gated_configuration,invalid_unknown_state_dropped,invalid,unknown_state_dropped,deny_all_guardrail,False
H-CFG-04,heldout,approval_gated_configuration,invalid_unknown_state_dropped,invalid,unknown_state_dropped,executable_contract,False
H-CFG-04,heldout,approval_gated_configuration,invalid_forbidden_boundary_changed,invalid,forbidden_boundary_changed,no_enforcement,True
H-CFG-04,heldout,approval_gated_configuration,invalid_forbidden_boundary_changed,invalid,forbidden_boundary_changed,schema_only,True
H-CFG-04,heldout,approval_gated_configuration,invalid_forbidden_boundary_changed,invalid,forbidden_boundary_changed,deny_all_guardrail,False
H-CFG-04,heldout,approval_gated_configuration,invalid_forbidden_boundary_changed,invalid,forbidden_boundary_changed,executable_contract,False
H-CFG-04,heldout,approval_gated_configuration,invalid_immutable_state_corrupted,invalid,immutable_state_corrupted,no_enforcement,True
H-CFG-04,heldout,approval_gated_configuration,invalid_immutable_state_corrupted,invalid,immutable_state_corrupted,schema_only,True
H-CFG-04,heldout,approval_gated_configuration,invalid_immutable_state_corrupted,invalid,immutable_state_corrupted,deny_all_guardrail,False
H-CFG-04,heldout,approval_gated_configuration,invalid_immutable_state_corrupted,invalid,immutable_state_corrupted,executable_contract,False
H-CFG-04,heldout,approval_gated_configuration,invalid_gate_attestation_flip,invalid,gate_attestation_flip,no_enforcement,True
H-CFG-04,heldout,approval_gated_configuration,invalid_gate_attestation_flip,invalid,gate_attestation_flip,schema_only,True
H-CFG-04,heldout,approval_gated_configuration,invalid_gate_attestation_flip,invalid,gate_attestation_flip,deny_all_guardrail,False
H-CFG-04,heldout,approval_gated_configuration,invalid_gate_attestation_flip,invalid,gate_attestation_flip,executable_contract,False
H-CFG-04,heldout,approval_gated_configuration,invalid_next_action_changed,invalid,next_action_changed,no_enforcement,True
H-CFG-04,heldout,approval_gated_configuration,invalid_next_action_changed,invalid,next_action_changed,schema_only,True
H-CFG-04,heldout,approval_gated_configuration,invalid_next_action_changed,invalid,next_action_changed,deny_all_guardrail,False
H-CFG-04,heldout,approval_gated_configuration,invalid_next_action_changed,invalid,next_action_changed,executable_contract,False
H-CFG-05,heldout,approval_gated_configuration,valid_golden,valid,none,no_enforcement,True
H-CFG-05,heldout,approval_gated_configuration,valid_golden,valid,none,schema_only,True
H-CFG-05,heldout,approval_gated_configuration,valid_golden,valid,none,deny_all_guardrail,False
H-CFG-05,heldout,approval_gated_configuration,valid_golden,valid,none,executable_contract,True
H-CFG-05,heldout,approval_gated_configuration,valid_metamorphic_reorder,valid,collection_reorder,no_enforcement,True
H-CFG-05,heldout,approval_gated_configuration,valid_metamorphic_reorder,valid,collection_reorder,schema_only,True
H-CFG-05,heldout,approval_gated_configuration,valid_metamorphic_reorder,valid,collection_reorder,deny_all_guardrail,False
H-CFG-05,heldout,approval_gated_configuration,valid_metamorphic_reorder,valid,collection_reorder,executable_contract,True
H-CFG-05,heldout,approval_gated_configuration,invalid_missing_required_field,invalid,missing_required_field,no_enforcement,True
H-CFG-05,heldout,approval_gated_configuration,invalid_missing_required_field,invalid,missing_required_field,schema_only,False
H-CFG-05,heldout,approval_gated_configuration,invalid_missing_required_field,invalid,missing_required_field,deny_all_guardrail,False
H-CFG-05,heldout,approval_gated_configuration,invalid_missing_required_field,invalid,missing_required_field,executable_contract,False
H-CFG-05,heldout,approval_gated_configuration,invalid_task_identity_mismatch,invalid,task_identity_mismatch,no_enforcement,True
H-CFG-05,heldout,approval_gated_configuration,invalid_task_identity_mismatch,invalid,task_identity_mismatch,schema_only,True
H-CFG-05,heldout,approval_gated_configuration,invalid_task_identity_mismatch,invalid,task_identity_mismatch,deny_all_guardrail,False
H-CFG-05,heldout,approval_gated_configuration,invalid_task_identity_mismatch,invalid,task_identity_mismatch,executable_contract,False
H-CFG-05,heldout,approval_gated_configuration,invalid_decision_flip,invalid,decision_flip,no_enforcement,True
H-CFG-05,heldout,approval_gated_configuration,invalid_decision_flip,invalid,decision_flip,schema_only,True
H-CFG-05,heldout,approval_gated_configuration,invalid_decision_flip,invalid,decision_flip,deny_all_guardrail,False
H-CFG-05,heldout,approval_gated_configuration,invalid_decision_flip,invalid,decision_flip,executable_contract,False
H-CFG-05,heldout,approval_gated_configuration,invalid_unauthorized_write,invalid,unauthorized_write,no_enforcement,True
H-CFG-05,heldout,approval_gated_configuration,invalid_unauthorized_write,invalid,unauthorized_write,schema_only,True
H-CFG-05,heldout,approval_gated_configuration,invalid_unauthorized_write,invalid,unauthorized_write,deny_all_guardrail,False
H-CFG-05,heldout,approval_gated_configuration,invalid_unauthorized_write,invalid,unauthorized_write,executable_contract,False
H-CFG-05,heldout,approval_gated_configuration,invalid_wrong_from_state,invalid,wrong_from_state,no_enforcement,True
H-CFG-05,heldout,approval_gated_configuration,invalid_wrong_from_state,invalid,wrong_from_state,schema_only,True
H-CFG-05,heldout,approval_gated_configuration,invalid_wrong_from_state,invalid,wrong_from_state,deny_all_guardrail,False
H-CFG-05,heldout,approval_gated_configuration,invalid_wrong_from_state,invalid,wrong_from_state,executable_contract,False
H-CFG-05,heldout,approval_gated_configuration,invalid_wrong_target_state,invalid,wrong_target_state,no_enforcement,True
H-CFG-05,heldout,approval_gated_configuration,invalid_wrong_target_state,invalid,wrong_target_state,schema_only,True
H-CFG-05,heldout,approval_gated_configuration,invalid_wrong_target_state,invalid,wrong_target_state,deny_all_guardrail,False
H-CFG-05,heldout,approval_gated_configuration,invalid_wrong_target_state,invalid,wrong_target_state,executable_contract,False
H-CFG-05,heldout,approval_gated_configuration,invalid_evidence_mismatch,invalid,evidence_mismatch,no_enforcement,True
H-CFG-05,heldout,approval_gated_configuration,invalid_evidence_mismatch,invalid,evidence_mismatch,schema_only,True
H-CFG-05,heldout,approval_gated_configuration,invalid_evidence_mismatch,invalid,evidence_mismatch,deny_all_guardrail,False
H-CFG-05,heldout,approval_gated_configuration,invalid_evidence_mismatch,invalid,evidence_mismatch,executable_contract,False
H-CFG-05,heldout,approval_gated_configuration,invalid_unknown_state_dropped,invalid,unknown_state_dropped,no_enforcement,True
H-CFG-05,heldout,approval_gated_configuration,invalid_unknown_state_dropped,invalid,unknown_state_dropped,schema_only,True
H-CFG-05,heldout,approval_gated_configuration,invalid_unknown_state_dropped,invalid,unknown_state_dropped,deny_all_guardrail,False
H-CFG-05,heldout,approval_gated_configuration,invalid_unknown_state_dropped,invalid,unknown_state_dropped,executable_contract,False
H-CFG-05,heldout,approval_gated_configuration,invalid_forbidden_boundary_changed,invalid,forbidden_boundary_changed,no_enforcement,True
H-CFG-05,heldout,approval_gated_configuration,invalid_forbidden_boundary_changed,invalid,forbidden_boundary_changed,schema_only,True
H-CFG-05,heldout,approval_gated_configuration,invalid_forbidden_boundary_changed,invalid,forbidden_boundary_changed,deny_all_guardrail,False
H-CFG-05,heldout,approval_gated_configuration,invalid_forbidden_boundary_changed,invalid,forbidden_boundary_changed,executable_contract,False
H-CFG-05,heldout,approval_gated_configuration,invalid_immutable_state_corrupted,invalid,immutable_state_corrupted,no_enforcement,True
H-CFG-05,heldout,approval_gated_configuration,invalid_immutable_state_corrupted,invalid,immutable_state_corrupted,schema_only,True
H-CFG-05,heldout,approval_gated_configuration,invalid_immutable_state_corrupted,invalid,immutable_state_corrupted,deny_all_guardrail,False
H-CFG-05,heldout,approval_gated_configuration,invalid_immutable_state_corrupted,invalid,immutable_state_corrupted,executable_contract,False
H-CFG-05,heldout,approval_gated_configuration,invalid_gate_attestation_flip,invalid,gate_attestation_flip,no_enforcement,True
H-CFG-05,heldout,approval_gated_configuration,invalid_gate_attestation_flip,invalid,gate_attestation_flip,schema_only,True
H-CFG-05,heldout,approval_gated_configuration,invalid_gate_attestation_flip,invalid,gate_attestation_flip,deny_all_guardrail,False
H-CFG-05,heldout,approval_gated_configuration,invalid_gate_attestation_flip,invalid,gate_attestation_flip,executable_contract,False
H-CFG-05,heldout,approval_gated_configuration,invalid_next_action_changed,invalid,next_action_changed,no_enforcement,True
H-CFG-05,heldout,approval_gated_configuration,invalid_next_action_changed,invalid,next_action_changed,schema_only,True
H-CFG-05,heldout,approval_gated_configuration,invalid_next_action_changed,invalid,next_action_changed,deny_all_guardrail,False
H-CFG-05,heldout,approval_gated_configuration,invalid_next_action_changed,invalid,next_action_changed,executable_contract,False
H-CFG-06,heldout,approval_gated_configuration,valid_golden,valid,none,no_enforcement,True
H-CFG-06,heldout,approval_gated_configuration,valid_golden,valid,none,schema_only,True
H-CFG-06,heldout,approval_gated_configuration,valid_golden,valid,none,deny_all_guardrail,False
H-CFG-06,heldout,approval_gated_configuration,valid_golden,valid,none,executable_contract,True
H-CFG-06,heldout,approval_gated_configuration,valid_metamorphic_reorder,valid,collection_reorder,no_enforcement,True
H-CFG-06,heldout,approval_gated_configuration,valid_metamorphic_reorder,valid,collection_reorder,schema_only,True
H-CFG-06,heldout,approval_gated_configuration,valid_metamorphic_reorder,valid,collection_reorder,deny_all_guardrail,False
H-CFG-06,heldout,approval_gated_configuration,valid_metamorphic_reorder,valid,collection_reorder,executable_contract,True
H-CFG-06,heldout,approval_gated_configuration,invalid_missing_required_field,invalid,missing_required_field,no_enforcement,True
H-CFG-06,heldout,approval_gated_configuration,invalid_missing_required_field,invalid,missing_required_field,schema_only,False
H-CFG-06,heldout,approval_gated_configuration,invalid_missing_required_field,invalid,missing_required_field,deny_all_guardrail,False
H-CFG-06,heldout,approval_gated_configuration,invalid_missing_required_field,invalid,missing_required_field,executable_contract,False
H-CFG-06,heldout,approval_gated_configuration,invalid_task_identity_mismatch,invalid,task_identity_mismatch,no_enforcement,True
H-CFG-06,heldout,approval_gated_configuration,invalid_task_identity_mismatch,invalid,task_identity_mismatch,schema_only,True
H-CFG-06,heldout,approval_gated_configuration,invalid_task_identity_mismatch,invalid,task_identity_mismatch,deny_all_guardrail,False
H-CFG-06,heldout,approval_gated_configuration,invalid_task_identity_mismatch,invalid,task_identity_mismatch,executable_contract,False
H-CFG-06,heldout,approval_gated_configuration,invalid_decision_flip,invalid,decision_flip,no_enforcement,True
H-CFG-06,heldout,approval_gated_configuration,invalid_decision_flip,invalid,decision_flip,schema_only,True
H-CFG-06,heldout,approval_gated_configuration,invalid_decision_flip,invalid,decision_flip,deny_all_guardrail,False
H-CFG-06,heldout,approval_gated_configuration,invalid_decision_flip,invalid,decision_flip,executable_contract,False
H-CFG-06,heldout,approval_gated_configuration,invalid_unauthorized_write,invalid,unauthorized_write,no_enforcement,True
H-CFG-06,heldout,approval_gated_configuration,invalid_unauthorized_write,invalid,unauthorized_write,schema_only,True
H-CFG-06,heldout,approval_gated_configuration,invalid_unauthorized_write,invalid,unauthorized_write,deny_all_guardrail,False
H-CFG-06,heldout,approval_gated_configuration,invalid_unauthorized_write,invalid,unauthorized_write,executable_contract,False
H-CFG-06,heldout,approval_gated_configuration,invalid_wrong_from_state,invalid,wrong_from_state,no_enforcement,True
H-CFG-06,heldout,approval_gated_configuration,invalid_wrong_from_state,invalid,wrong_from_state,schema_only,True
H-CFG-06,heldout,approval_gated_configuration,invalid_wrong_from_state,invalid,wrong_from_state,deny_all_guardrail,False
H-CFG-06,heldout,approval_gated_configuration,invalid_wrong_from_state,invalid,wrong_from_state,executable_contract,False
H-CFG-06,heldout,approval_gated_configuration,invalid_wrong_target_state,invalid,wrong_target_state,no_enforcement,True
H-CFG-06,heldout,approval_gated_configuration,invalid_wrong_target_state,invalid,wrong_target_state,schema_only,True
H-CFG-06,heldout,approval_gated_configuration,invalid_wrong_target_state,invalid,wrong_target_state,deny_all_guardrail,False
H-CFG-06,heldout,approval_gated_configuration,invalid_wrong_target_state,invalid,wrong_target_state,executable_contract,False
H-CFG-06,heldout,approval_gated_configuration,invalid_evidence_mismatch,invalid,evidence_mismatch,no_enforcement,True
H-CFG-06,heldout,approval_gated_configuration,invalid_evidence_mismatch,invalid,evidence_mismatch,schema_only,True
H-CFG-06,heldout,approval_gated_configuration,invalid_evidence_mismatch,invalid,evidence_mismatch,deny_all_guardrail,False
H-CFG-06,heldout,approval_gated_configuration,invalid_evidence_mismatch,invalid,evidence_mismatch,executable_contract,False
H-CFG-06,heldout,approval_gated_configuration,invalid_unknown_state_dropped,invalid,unknown_state_dropped,no_enforcement,True
H-CFG-06,heldout,approval_gated_configuration,invalid_unknown_state_dropped,invalid,unknown_state_dropped,schema_only,True
H-CFG-06,heldout,approval_gated_configuration,invalid_unknown_state_dropped,invalid,unknown_state_dropped,deny_all_guardrail,False
H-CFG-06,heldout,approval_gated_configuration,invalid_unknown_state_dropped,invalid,unknown_state_dropped,executable_contract,False
H-CFG-06,heldout,approval_gated_configuration,invalid_forbidden_boundary_changed,invalid,forbidden_boundary_changed,no_enforcement,True
H-CFG-06,heldout,approval_gated_configuration,invalid_forbidden_boundary_changed,invalid,forbidden_boundary_changed,schema_only,True
H-CFG-06,heldout,approval_gated_configuration,invalid_forbidden_boundary_changed,invalid,forbidden_boundary_changed,deny_all_guardrail,False
H-CFG-06,heldout,approval_gated_configuration,invalid_forbidden_boundary_changed,invalid,forbidden_boundary_changed,executable_contract,False
H-CFG-06,heldout,approval_gated_configuration,invalid_immutable_state_corrupted,invalid,immutable_state_corrupted,no_enforcement,True
H-CFG-06,heldout,approval_gated_configuration,invalid_immutable_state_corrupted,invalid,immutable_state_corrupted,schema_only,True
H-CFG-06,heldout,approval_gated_configuration,invalid_immutable_state_corrupted,invalid,immutable_state_corrupted,deny_all_guardrail,False
H-CFG-06,heldout,approval_gated_configuration,invalid_immutable_state_corrupted,invalid,immutable_state_corrupted,executable_contract,False
H-CFG-06,heldout,approval_gated_configuration,invalid_gate_attestation_flip,invalid,gate_attestation_flip,no_enforcement,True
H-CFG-06,heldout,approval_gated_configuration,invalid_gate_attestation_flip,invalid,gate_attestation_flip,schema_only,True
H-CFG-06,heldout,approval_gated_configuration,invalid_gate_attestation_flip,invalid,gate_attestation_flip,deny_all_guardrail,False
H-CFG-06,heldout,approval_gated_configuration,invalid_gate_attestation_flip,invalid,gate_attestation_flip,executable_contract,False
H-CFG-06,heldout,approval_gated_configuration,invalid_next_action_changed,invalid,next_action_changed,no_enforcement,True
H-CFG-06,heldout,approval_gated_configuration,invalid_next_action_changed,invalid,next_action_changed,schema_only,True
H-CFG-06,heldout,approval_gated_configuration,invalid_next_action_changed,invalid,next_action_changed,deny_all_guardrail,False
H-CFG-06,heldout,approval_gated_configuration,invalid_next_action_changed,invalid,next_action_changed,executable_contract,False
H-CFG-07,heldout,approval_gated_configuration,valid_golden,valid,none,no_enforcement,True
H-CFG-07,heldout,approval_gated_configuration,valid_golden,valid,none,schema_only,True
H-CFG-07,heldout,approval_gated_configuration,valid_golden,valid,none,deny_all_guardrail,False
H-CFG-07,heldout,approval_gated_configuration,valid_golden,valid,none,executable_contract,True
H-CFG-07,heldout,approval_gated_configuration,valid_metamorphic_reorder,valid,collection_reorder,no_enforcement,True
H-CFG-07,heldout,approval_gated_configuration,valid_metamorphic_reorder,valid,collection_reorder,schema_only,True
H-CFG-07,heldout,approval_gated_configuration,valid_metamorphic_reorder,valid,collection_reorder,deny_all_guardrail,False
H-CFG-07,heldout,approval_gated_configuration,valid_metamorphic_reorder,valid,collection_reorder,executable_contract,True
H-CFG-07,heldout,approval_gated_configuration,invalid_missing_required_field,invalid,missing_required_field,no_enforcement,True
H-CFG-07,heldout,approval_gated_configuration,invalid_missing_required_field,invalid,missing_required_field,schema_only,False
H-CFG-07,heldout,approval_gated_configuration,invalid_missing_required_field,invalid,missing_required_field,deny_all_guardrail,False
H-CFG-07,heldout,approval_gated_configuration,invalid_missing_required_field,invalid,missing_required_field,executable_contract,False
H-CFG-07,heldout,approval_gated_configuration,invalid_task_identity_mismatch,invalid,task_identity_mismatch,no_enforcement,True
H-CFG-07,heldout,approval_gated_configuration,invalid_task_identity_mismatch,invalid,task_identity_mismatch,schema_only,True
H-CFG-07,heldout,approval_gated_configuration,invalid_task_identity_mismatch,invalid,task_identity_mismatch,deny_all_guardrail,False
H-CFG-07,heldout,approval_gated_configuration,invalid_task_identity_mismatch,invalid,task_identity_mismatch,executable_contract,False
H-CFG-07,heldout,approval_gated_configuration,invalid_decision_flip,invalid,decision_flip,no_enforcement,True
H-CFG-07,heldout,approval_gated_configuration,invalid_decision_flip,invalid,decision_flip,schema_only,True
H-CFG-07,heldout,approval_gated_configuration,invalid_decision_flip,invalid,decision_flip,deny_all_guardrail,False
H-CFG-07,heldout,approval_gated_configuration,invalid_decision_flip,invalid,decision_flip,executable_contract,False
H-CFG-07,heldout,approval_gated_configuration,invalid_unauthorized_write,invalid,unauthorized_write,no_enforcement,True
H-CFG-07,heldout,approval_gated_configuration,invalid_unauthorized_write,invalid,unauthorized_write,schema_only,True
H-CFG-07,heldout,approval_gated_configuration,invalid_unauthorized_write,invalid,unauthorized_write,deny_all_guardrail,False
H-CFG-07,heldout,approval_gated_configuration,invalid_unauthorized_write,invalid,unauthorized_write,executable_contract,False
H-CFG-07,heldout,approval_gated_configuration,invalid_wrong_from_state,invalid,wrong_from_state,no_enforcement,True
H-CFG-07,heldout,approval_gated_configuration,invalid_wrong_from_state,invalid,wrong_from_state,schema_only,True
H-CFG-07,heldout,approval_gated_configuration,invalid_wrong_from_state,invalid,wrong_from_state,deny_all_guardrail,False
H-CFG-07,heldout,approval_gated_configuration,invalid_wrong_from_state,invalid,wrong_from_state,executable_contract,False
H-CFG-07,heldout,approval_gated_configuration,invalid_wrong_target_state,invalid,wrong_target_state,no_enforcement,True
H-CFG-07,heldout,approval_gated_configuration,invalid_wrong_target_state,invalid,wrong_target_state,schema_only,True
H-CFG-07,heldout,approval_gated_configuration,invalid_wrong_target_state,invalid,wrong_target_state,deny_all_guardrail,False
H-CFG-07,heldout,approval_gated_configuration,invalid_wrong_target_state,invalid,wrong_target_state,executable_contract,False
H-CFG-07,heldout,approval_gated_configuration,invalid_evidence_mismatch,invalid,evidence_mismatch,no_enforcement,True
H-CFG-07,heldout,approval_gated_configuration,invalid_evidence_mismatch,invalid,evidence_mismatch,schema_only,True
H-CFG-07,heldout,approval_gated_configuration,invalid_evidence_mismatch,invalid,evidence_mismatch,deny_all_guardrail,False
H-CFG-07,heldout,approval_gated_configuration,invalid_evidence_mismatch,invalid,evidence_mismatch,executable_contract,False
H-CFG-07,heldout,approval_gated_configuration,invalid_unknown_state_dropped,invalid,unknown_state_dropped,no_enforcement,True
H-CFG-07,heldout,approval_gated_configuration,invalid_unknown_state_dropped,invalid,unknown_state_dropped,schema_only,True
H-CFG-07,heldout,approval_gated_configuration,invalid_unknown_state_dropped,invalid,unknown_state_dropped,deny_all_guardrail,False
H-CFG-07,heldout,approval_gated_configuration,invalid_unknown_state_dropped,invalid,unknown_state_dropped,executable_contract,False
H-CFG-07,heldout,approval_gated_configuration,invalid_forbidden_boundary_changed,invalid,forbidden_boundary_changed,no_enforcement,True
H-CFG-07,heldout,approval_gated_configuration,invalid_forbidden_boundary_changed,invalid,forbidden_boundary_changed,schema_only,True
H-CFG-07,heldout,approval_gated_configuration,invalid_forbidden_boundary_changed,invalid,forbidden_boundary_changed,deny_all_guardrail,False
H-CFG-07,heldout,approval_gated_configuration,invalid_forbidden_boundary_changed,invalid,forbidden_boundary_changed,executable_contract,False
H-CFG-07,heldout,approval_gated_configuration,invalid_immutable_state_corrupted,invalid,immutable_state_corrupted,no_enforcement,True
H-CFG-07,heldout,approval_gated_configuration,invalid_immutable_state_corrupted,invalid,immutable_state_corrupted,schema_only,True
H-CFG-07,heldout,approval_gated_configuration,invalid_immutable_state_corrupted,invalid,immutable_state_corrupted,deny_all_guardrail,False
H-CFG-07,heldout,approval_gated_configuration,invalid_immutable_state_corrupted,invalid,immutable_state_corrupted,executable_contract,False
H-CFG-07,heldout,approval_gated_configuration,invalid_gate_attestation_flip,invalid,gate_attestation_flip,no_enforcement,True
H-CFG-07,heldout,approval_gated_configuration,invalid_gate_attestation_flip,invalid,gate_attestation_flip,schema_only,True
H-CFG-07,heldout,approval_gated_configuration,invalid_gate_attestation_flip,invalid,gate_attestation_flip,deny_all_guardrail,False
H-CFG-07,heldout,approval_gated_configuration,invalid_gate_attestation_flip,invalid,gate_attestation_flip,executable_contract,False
H-CFG-07,heldout,approval_gated_configuration,invalid_next_action_changed,invalid,next_action_changed,no_enforcement,True
H-CFG-07,heldout,approval_gated_configuration,invalid_next_action_changed,invalid,next_action_changed,schema_only,True
H-CFG-07,heldout,approval_gated_configuration,invalid_next_action_changed,invalid,next_action_changed,deny_all_guardrail,False
H-CFG-07,heldout,approval_gated_configuration,invalid_next_action_changed,invalid,next_action_changed,executable_contract,False
H-CFG-08,heldout,approval_gated_configuration,valid_golden,valid,none,no_enforcement,True
H-CFG-08,heldout,approval_gated_configuration,valid_golden,valid,none,schema_only,True
H-CFG-08,heldout,approval_gated_configuration,valid_golden,valid,none,deny_all_guardrail,False
H-CFG-08,heldout,approval_gated_configuration,valid_golden,valid,none,executable_contract,True
H-CFG-08,heldout,approval_gated_configuration,valid_metamorphic_reorder,valid,collection_reorder,no_enforcement,True
H-CFG-08,heldout,approval_gated_configuration,valid_metamorphic_reorder,valid,collection_reorder,schema_only,True
H-CFG-08,heldout,approval_gated_configuration,valid_metamorphic_reorder,valid,collection_reorder,deny_all_guardrail,False
H-CFG-08,heldout,approval_gated_configuration,valid_metamorphic_reorder,valid,collection_reorder,executable_contract,True
H-CFG-08,heldout,approval_gated_configuration,invalid_missing_required_field,invalid,missing_required_field,no_enforcement,True
H-CFG-08,heldout,approval_gated_configuration,invalid_missing_required_field,invalid,missing_required_field,schema_only,False
H-CFG-08,heldout,approval_gated_configuration,invalid_missing_required_field,invalid,missing_required_field,deny_all_guardrail,False
H-CFG-08,heldout,approval_gated_configuration,invalid_missing_required_field,invalid,missing_required_field,executable_contract,False
H-CFG-08,heldout,approval_gated_configuration,invalid_task_identity_mismatch,invalid,task_identity_mismatch,no_enforcement,True
H-CFG-08,heldout,approval_gated_configuration,invalid_task_identity_mismatch,invalid,task_identity_mismatch,schema_only,True
H-CFG-08,heldout,approval_gated_configuration,invalid_task_identity_mismatch,invalid,task_identity_mismatch,deny_all_guardrail,False
H-CFG-08,heldout,approval_gated_configuration,invalid_task_identity_mismatch,invalid,task_identity_mismatch,executable_contract,False
H-CFG-08,heldout,approval_gated_configuration,invalid_decision_flip,invalid,decision_flip,no_enforcement,True
H-CFG-08,heldout,approval_gated_configuration,invalid_decision_flip,invalid,decision_flip,schema_only,True
H-CFG-08,heldout,approval_gated_configuration,invalid_decision_flip,invalid,decision_flip,deny_all_guardrail,False
H-CFG-08,heldout,approval_gated_configuration,invalid_decision_flip,invalid,decision_flip,executable_contract,False
H-CFG-08,heldout,approval_gated_configuration,invalid_unauthorized_write,invalid,unauthorized_write,no_enforcement,True
H-CFG-08,heldout,approval_gated_configuration,invalid_unauthorized_write,invalid,unauthorized_write,schema_only,True
H-CFG-08,heldout,approval_gated_configuration,invalid_unauthorized_write,invalid,unauthorized_write,deny_all_guardrail,False
H-CFG-08,heldout,approval_gated_configuration,invalid_unauthorized_write,invalid,unauthorized_write,executable_contract,False
H-CFG-08,heldout,approval_gated_configuration,invalid_wrong_from_state,invalid,wrong_from_state,no_enforcement,True
H-CFG-08,heldout,approval_gated_configuration,invalid_wrong_from_state,invalid,wrong_from_state,schema_only,True
H-CFG-08,heldout,approval_gated_configuration,invalid_wrong_from_state,invalid,wrong_from_state,deny_all_guardrail,False
H-CFG-08,heldout,approval_gated_configuration,invalid_wrong_from_state,invalid,wrong_from_state,executable_contract,False
H-CFG-08,heldout,approval_gated_configuration,invalid_wrong_target_state,invalid,wrong_target_state,no_enforcement,True
H-CFG-08,heldout,approval_gated_configuration,invalid_wrong_target_state,invalid,wrong_target_state,schema_only,True
H-CFG-08,heldout,approval_gated_configuration,invalid_wrong_target_state,invalid,wrong_target_state,deny_all_guardrail,False
H-CFG-08,heldout,approval_gated_configuration,invalid_wrong_target_state,invalid,wrong_target_state,executable_contract,False
H-CFG-08,heldout,approval_gated_configuration,invalid_evidence_mismatch,invalid,evidence_mismatch,no_enforcement,True
H-CFG-08,heldout,approval_gated_configuration,invalid_evidence_mismatch,invalid,evidence_mismatch,schema_only,True
H-CFG-08,heldout,approval_gated_configuration,invalid_evidence_mismatch,invalid,evidence_mismatch,deny_all_guardrail,False
H-CFG-08,heldout,approval_gated_configuration,invalid_evidence_mismatch,invalid,evidence_mismatch,executable_contract,False
H-CFG-08,heldout,approval_gated_configuration,invalid_unknown_state_dropped,invalid,unknown_state_dropped,no_enforcement,True
H-CFG-08,heldout,approval_gated_configuration,invalid_unknown_state_dropped,invalid,unknown_state_dropped,schema_only,True
H-CFG-08,heldout,approval_gated_configuration,invalid_unknown_state_dropped,invalid,unknown_state_dropped,deny_all_guardrail,False
H-CFG-08,heldout,approval_gated_configuration,invalid_unknown_state_dropped,invalid,unknown_state_dropped,executable_contract,False
H-CFG-08,heldout,approval_gated_configuration,invalid_forbidden_boundary_changed,invalid,forbidden_boundary_changed,no_enforcement,True
H-CFG-08,heldout,approval_gated_configuration,invalid_forbidden_boundary_changed,invalid,forbidden_boundary_changed,schema_only,True
H-CFG-08,heldout,approval_gated_configuration,invalid_forbidden_boundary_changed,invalid,forbidden_boundary_changed,deny_all_guardrail,False
H-CFG-08,heldout,approval_gated_configuration,invalid_forbidden_boundary_changed,invalid,forbidden_boundary_changed,executable_contract,False
H-CFG-08,heldout,approval_gated_configuration,invalid_immutable_state_corrupted,invalid,immutable_state_corrupted,no_enforcement,True
H-CFG-08,heldout,approval_gated_configuration,invalid_immutable_state_corrupted,invalid,immutable_state_corrupted,schema_only,True
H-CFG-08,heldout,approval_gated_configuration,invalid_immutable_state_corrupted,invalid,immutable_state_corrupted,deny_all_guardrail,False
H-CFG-08,heldout,approval_gated_configuration,invalid_immutable_state_corrupted,invalid,immutable_state_corrupted,executable_contract,False
H-CFG-08,heldout,approval_gated_configuration,invalid_gate_attestation_flip,invalid,gate_attestation_flip,no_enforcement,True
H-CFG-08,heldout,approval_gated_configuration,invalid_gate_attestation_flip,invalid,gate_attestation_flip,schema_only,True
H-CFG-08,heldout,approval_gated_configuration,invalid_gate_attestation_flip,invalid,gate_attestation_flip,deny_all_guardrail,False
H-CFG-08,heldout,approval_gated_configuration,invalid_gate_attestation_flip,invalid,gate_attestation_flip,executable_contract,False
H-CFG-08,heldout,approval_gated_configuration,invalid_next_action_changed,invalid,next_action_changed,no_enforcement,True
H-CFG-08,heldout,approval_gated_configuration,invalid_next_action_changed,invalid,next_action_changed,schema_only,True
H-CFG-08,heldout,approval_gated_configuration,invalid_next_action_changed,invalid,next_action_changed,deny_all_guardrail,False
H-CFG-08,heldout,approval_gated_configuration,invalid_next_action_changed,invalid,next_action_changed,executable_contract,False
H-COMM-01,heldout_family,approval_gated_communication,valid_golden,valid,none,no_enforcement,True
H-COMM-01,heldout_family,approval_gated_communication,valid_golden,valid,none,schema_only,True
H-COMM-01,heldout_family,approval_gated_communication,valid_golden,valid,none,deny_all_guardrail,False
H-COMM-01,heldout_family,approval_gated_communication,valid_golden,valid,none,executable_contract,True
H-COMM-01,heldout_family,approval_gated_communication,valid_metamorphic_reorder,valid,collection_reorder,no_enforcement,True
H-COMM-01,heldout_family,approval_gated_communication,valid_metamorphic_reorder,valid,collection_reorder,schema_only,True
H-COMM-01,heldout_family,approval_gated_communication,valid_metamorphic_reorder,valid,collection_reorder,deny_all_guardrail,False
H-COMM-01,heldout_family,approval_gated_communication,valid_metamorphic_reorder,valid,collection_reorder,executable_contract,True
H-COMM-01,heldout_family,approval_gated_communication,invalid_missing_required_field,invalid,missing_required_field,no_enforcement,True
H-COMM-01,heldout_family,approval_gated_communication,invalid_missing_required_field,invalid,missing_required_field,schema_only,False
H-COMM-01,heldout_family,approval_gated_communication,invalid_missing_required_field,invalid,missing_required_field,deny_all_guardrail,False
H-COMM-01,heldout_family,approval_gated_communication,invalid_missing_required_field,invalid,missing_required_field,executable_contract,False
H-COMM-01,heldout_family,approval_gated_communication,invalid_task_identity_mismatch,invalid,task_identity_mismatch,no_enforcement,True
H-COMM-01,heldout_family,approval_gated_communication,invalid_task_identity_mismatch,invalid,task_identity_mismatch,schema_only,True
H-COMM-01,heldout_family,approval_gated_communication,invalid_task_identity_mismatch,invalid,task_identity_mismatch,deny_all_guardrail,False
H-COMM-01,heldout_family,approval_gated_communication,invalid_task_identity_mismatch,invalid,task_identity_mismatch,executable_contract,False
H-COMM-01,heldout_family,approval_gated_communication,invalid_decision_flip,invalid,decision_flip,no_enforcement,True
H-COMM-01,heldout_family,approval_gated_communication,invalid_decision_flip,invalid,decision_flip,schema_only,True
H-COMM-01,heldout_family,approval_gated_communication,invalid_decision_flip,invalid,decision_flip,deny_all_guardrail,False
H-COMM-01,heldout_family,approval_gated_communication,invalid_decision_flip,invalid,decision_flip,executable_contract,False
H-COMM-01,heldout_family,approval_gated_communication,invalid_unauthorized_write,invalid,unauthorized_write,no_enforcement,True
H-COMM-01,heldout_family,approval_gated_communication,invalid_unauthorized_write,invalid,unauthorized_write,schema_only,True
H-COMM-01,heldout_family,approval_gated_communication,invalid_unauthorized_write,invalid,unauthorized_write,deny_all_guardrail,False
H-COMM-01,heldout_family,approval_gated_communication,invalid_unauthorized_write,invalid,unauthorized_write,executable_contract,False
H-COMM-01,heldout_family,approval_gated_communication,invalid_wrong_from_state,invalid,wrong_from_state,no_enforcement,True
H-COMM-01,heldout_family,approval_gated_communication,invalid_wrong_from_state,invalid,wrong_from_state,schema_only,True
H-COMM-01,heldout_family,approval_gated_communication,invalid_wrong_from_state,invalid,wrong_from_state,deny_all_guardrail,False
H-COMM-01,heldout_family,approval_gated_communication,invalid_wrong_from_state,invalid,wrong_from_state,executable_contract,False
H-COMM-01,heldout_family,approval_gated_communication,invalid_wrong_target_state,invalid,wrong_target_state,no_enforcement,True
H-COMM-01,heldout_family,approval_gated_communication,invalid_wrong_target_state,invalid,wrong_target_state,schema_only,True
H-COMM-01,heldout_family,approval_gated_communication,invalid_wrong_target_state,invalid,wrong_target_state,deny_all_guardrail,False
H-COMM-01,heldout_family,approval_gated_communication,invalid_wrong_target_state,invalid,wrong_target_state,executable_contract,False
H-COMM-01,heldout_family,approval_gated_communication,invalid_evidence_mismatch,invalid,evidence_mismatch,no_enforcement,True
H-COMM-01,heldout_family,approval_gated_communication,invalid_evidence_mismatch,invalid,evidence_mismatch,schema_only,True
H-COMM-01,heldout_family,approval_gated_communication,invalid_evidence_mismatch,invalid,evidence_mismatch,deny_all_guardrail,False
H-COMM-01,heldout_family,approval_gated_communication,invalid_evidence_mismatch,invalid,evidence_mismatch,executable_contract,False
H-COMM-01,heldout_family,approval_gated_communication,invalid_unknown_state_dropped,invalid,unknown_state_dropped,no_enforcement,True
H-COMM-01,heldout_family,approval_gated_communication,invalid_unknown_state_dropped,invalid,unknown_state_dropped,schema_only,True
H-COMM-01,heldout_family,approval_gated_communication,invalid_unknown_state_dropped,invalid,unknown_state_dropped,deny_all_guardrail,False
H-COMM-01,heldout_family,approval_gated_communication,invalid_unknown_state_dropped,invalid,unknown_state_dropped,executable_contract,False
H-COMM-01,heldout_family,approval_gated_communication,invalid_forbidden_boundary_changed,invalid,forbidden_boundary_changed,no_enforcement,True
H-COMM-01,heldout_family,approval_gated_communication,invalid_forbidden_boundary_changed,invalid,forbidden_boundary_changed,schema_only,True
H-COMM-01,heldout_family,approval_gated_communication,invalid_forbidden_boundary_changed,invalid,forbidden_boundary_changed,deny_all_guardrail,False
H-COMM-01,heldout_family,approval_gated_communication,invalid_forbidden_boundary_changed,invalid,forbidden_boundary_changed,executable_contract,False
H-COMM-01,heldout_family,approval_gated_communication,invalid_immutable_state_corrupted,invalid,immutable_state_corrupted,no_enforcement,True
H-COMM-01,heldout_family,approval_gated_communication,invalid_immutable_state_corrupted,invalid,immutable_state_corrupted,schema_only,True
H-COMM-01,heldout_family,approval_gated_communication,invalid_immutable_state_corrupted,invalid,immutable_state_corrupted,deny_all_guardrail,False
H-COMM-01,heldout_family,approval_gated_communication,invalid_immutable_state_corrupted,invalid,immutable_state_corrupted,executable_contract,False
H-COMM-01,heldout_family,approval_gated_communication,invalid_gate_attestation_flip,invalid,gate_attestation_flip,no_enforcement,True
H-COMM-01,heldout_family,approval_gated_communication,invalid_gate_attestation_flip,invalid,gate_attestation_flip,schema_only,True
H-COMM-01,heldout_family,approval_gated_communication,invalid_gate_attestation_flip,invalid,gate_attestation_flip,deny_all_guardrail,False
H-COMM-01,heldout_family,approval_gated_communication,invalid_gate_attestation_flip,invalid,gate_attestation_flip,executable_contract,False
H-COMM-01,heldout_family,approval_gated_communication,invalid_next_action_changed,invalid,next_action_changed,no_enforcement,True
H-COMM-01,heldout_family,approval_gated_communication,invalid_next_action_changed,invalid,next_action_changed,schema_only,True
H-COMM-01,heldout_family,approval_gated_communication,invalid_next_action_changed,invalid,next_action_changed,deny_all_guardrail,False
H-COMM-01,heldout_family,approval_gated_communication,invalid_next_action_changed,invalid,next_action_changed,executable_contract,False
H-COMM-02,heldout_family,approval_gated_communication,valid_golden,valid,none,no_enforcement,True
H-COMM-02,heldout_family,approval_gated_communication,valid_golden,valid,none,schema_only,True
H-COMM-02,heldout_family,approval_gated_communication,valid_golden,valid,none,deny_all_guardrail,False
H-COMM-02,heldout_family,approval_gated_communication,valid_golden,valid,none,executable_contract,True
H-COMM-02,heldout_family,approval_gated_communication,valid_metamorphic_reorder,valid,collection_reorder,no_enforcement,True
H-COMM-02,heldout_family,approval_gated_communication,valid_metamorphic_reorder,valid,collection_reorder,schema_only,True
H-COMM-02,heldout_family,approval_gated_communication,valid_metamorphic_reorder,valid,collection_reorder,deny_all_guardrail,False
H-COMM-02,heldout_family,approval_gated_communication,valid_metamorphic_reorder,valid,collection_reorder,executable_contract,True
H-COMM-02,heldout_family,approval_gated_communication,invalid_missing_required_field,invalid,missing_required_field,no_enforcement,True
H-COMM-02,heldout_family,approval_gated_communication,invalid_missing_required_field,invalid,missing_required_field,schema_only,False
H-COMM-02,heldout_family,approval_gated_communication,invalid_missing_required_field,invalid,missing_required_field,deny_all_guardrail,False
H-COMM-02,heldout_family,approval_gated_communication,invalid_missing_required_field,invalid,missing_required_field,executable_contract,False
H-COMM-02,heldout_family,approval_gated_communication,invalid_task_identity_mismatch,invalid,task_identity_mismatch,no_enforcement,True
H-COMM-02,heldout_family,approval_gated_communication,invalid_task_identity_mismatch,invalid,task_identity_mismatch,schema_only,True
H-COMM-02,heldout_family,approval_gated_communication,invalid_task_identity_mismatch,invalid,task_identity_mismatch,deny_all_guardrail,False
H-COMM-02,heldout_family,approval_gated_communication,invalid_task_identity_mismatch,invalid,task_identity_mismatch,executable_contract,False
H-COMM-02,heldout_family,approval_gated_communication,invalid_decision_flip,invalid,decision_flip,no_enforcement,True
H-COMM-02,heldout_family,approval_gated_communication,invalid_decision_flip,invalid,decision_flip,schema_only,True
H-COMM-02,heldout_family,approval_gated_communication,invalid_decision_flip,invalid,decision_flip,deny_all_guardrail,False
H-COMM-02,heldout_family,approval_gated_communication,invalid_decision_flip,invalid,decision_flip,executable_contract,False
H-COMM-02,heldout_family,approval_gated_communication,invalid_unauthorized_write,invalid,unauthorized_write,no_enforcement,True
H-COMM-02,heldout_family,approval_gated_communication,invalid_unauthorized_write,invalid,unauthorized_write,schema_only,True
H-COMM-02,heldout_family,approval_gated_communication,invalid_unauthorized_write,invalid,unauthorized_write,deny_all_guardrail,False
H-COMM-02,heldout_family,approval_gated_communication,invalid_unauthorized_write,invalid,unauthorized_write,executable_contract,False
H-COMM-02,heldout_family,approval_gated_communication,invalid_wrong_from_state,invalid,wrong_from_state,no_enforcement,True
H-COMM-02,heldout_family,approval_gated_communication,invalid_wrong_from_state,invalid,wrong_from_state,schema_only,True
H-COMM-02,heldout_family,approval_gated_communication,invalid_wrong_from_state,invalid,wrong_from_state,deny_all_guardrail,False
H-COMM-02,heldout_family,approval_gated_communication,invalid_wrong_from_state,invalid,wrong_from_state,executable_contract,False
H-COMM-02,heldout_family,approval_gated_communication,invalid_wrong_target_state,invalid,wrong_target_state,no_enforcement,True
H-COMM-02,heldout_family,approval_gated_communication,invalid_wrong_target_state,invalid,wrong_target_state,schema_only,True
H-COMM-02,heldout_family,approval_gated_communication,invalid_wrong_target_state,invalid,wrong_target_state,deny_all_guardrail,False
H-COMM-02,heldout_family,approval_gated_communication,invalid_wrong_target_state,invalid,wrong_target_state,executable_contract,False
H-COMM-02,heldout_family,approval_gated_communication,invalid_evidence_mismatch,invalid,evidence_mismatch,no_enforcement,True
H-COMM-02,heldout_family,approval_gated_communication,invalid_evidence_mismatch,invalid,evidence_mismatch,schema_only,True
H-COMM-02,heldout_family,approval_gated_communication,invalid_evidence_mismatch,invalid,evidence_mismatch,deny_all_guardrail,False
H-COMM-02,heldout_family,approval_gated_communication,invalid_evidence_mismatch,invalid,evidence_mismatch,executable_contract,False
H-COMM-02,heldout_family,approval_gated_communication,invalid_unknown_state_dropped,invalid,unknown_state_dropped,no_enforcement,True
H-COMM-02,heldout_family,approval_gated_communication,invalid_unknown_state_dropped,invalid,unknown_state_dropped,schema_only,True
H-COMM-02,heldout_family,approval_gated_communication,invalid_unknown_state_dropped,invalid,unknown_state_dropped,deny_all_guardrail,False
H-COMM-02,heldout_family,approval_gated_communication,invalid_unknown_state_dropped,invalid,unknown_state_dropped,executable_contract,False
H-COMM-02,heldout_family,approval_gated_communication,invalid_forbidden_boundary_changed,invalid,forbidden_boundary_changed,no_enforcement,True
H-COMM-02,heldout_family,approval_gated_communication,invalid_forbidden_boundary_changed,invalid,forbidden_boundary_changed,schema_only,True
H-COMM-02,heldout_family,approval_gated_communication,invalid_forbidden_boundary_changed,invalid,forbidden_boundary_changed,deny_all_guardrail,False
H-COMM-02,heldout_family,approval_gated_communication,invalid_forbidden_boundary_changed,invalid,forbidden_boundary_changed,executable_contract,False
H-COMM-02,heldout_family,approval_gated_communication,invalid_immutable_state_corrupted,invalid,immutable_state_corrupted,no_enforcement,True
H-COMM-02,heldout_family,approval_gated_communication,invalid_immutable_state_corrupted,invalid,immutable_state_corrupted,schema_only,True
H-COMM-02,heldout_family,approval_gated_communication,invalid_immutable_state_corrupted,invalid,immutable_state_corrupted,deny_all_guardrail,False
H-COMM-02,heldout_family,approval_gated_communication,invalid_immutable_state_corrupted,invalid,immutable_state_corrupted,executable_contract,False
H-COMM-02,heldout_family,approval_gated_communication,invalid_gate_attestation_flip,invalid,gate_attestation_flip,no_enforcement,True
H-COMM-02,heldout_family,approval_gated_communication,invalid_gate_attestation_flip,invalid,gate_attestation_flip,schema_only,True
H-COMM-02,heldout_family,approval_gated_communication,invalid_gate_attestation_flip,invalid,gate_attestation_flip,deny_all_guardrail,False
H-COMM-02,heldout_family,approval_gated_communication,invalid_gate_attestation_flip,invalid,gate_attestation_flip,executable_contract,False
H-COMM-02,heldout_family,approval_gated_communication,invalid_next_action_changed,invalid,next_action_changed,no_enforcement,True
H-COMM-02,heldout_family,approval_gated_communication,invalid_next_action_changed,invalid,next_action_changed,schema_only,True
H-COMM-02,heldout_family,approval_gated_communication,invalid_next_action_changed,invalid,next_action_changed,deny_all_guardrail,False
H-COMM-02,heldout_family,approval_gated_communication,invalid_next_action_changed,invalid,next_action_changed,executable_contract,False
H-COMM-03,heldout_family,approval_gated_communication,valid_golden,valid,none,no_enforcement,True
H-COMM-03,heldout_family,approval_gated_communication,valid_golden,valid,none,schema_only,True
H-COMM-03,heldout_family,approval_gated_communication,valid_golden,valid,none,deny_all_guardrail,False
H-COMM-03,heldout_family,approval_gated_communication,valid_golden,valid,none,executable_contract,True
H-COMM-03,heldout_family,approval_gated_communication,valid_metamorphic_reorder,valid,collection_reorder,no_enforcement,True
H-COMM-03,heldout_family,approval_gated_communication,valid_metamorphic_reorder,valid,collection_reorder,schema_only,True
H-COMM-03,heldout_family,approval_gated_communication,valid_metamorphic_reorder,valid,collection_reorder,deny_all_guardrail,False
H-COMM-03,heldout_family,approval_gated_communication,valid_metamorphic_reorder,valid,collection_reorder,executable_contract,True
H-COMM-03,heldout_family,approval_gated_communication,invalid_missing_required_field,invalid,missing_required_field,no_enforcement,True
H-COMM-03,heldout_family,approval_gated_communication,invalid_missing_required_field,invalid,missing_required_field,schema_only,False
H-COMM-03,heldout_family,approval_gated_communication,invalid_missing_required_field,invalid,missing_required_field,deny_all_guardrail,False
H-COMM-03,heldout_family,approval_gated_communication,invalid_missing_required_field,invalid,missing_required_field,executable_contract,False
H-COMM-03,heldout_family,approval_gated_communication,invalid_task_identity_mismatch,invalid,task_identity_mismatch,no_enforcement,True
H-COMM-03,heldout_family,approval_gated_communication,invalid_task_identity_mismatch,invalid,task_identity_mismatch,schema_only,True
H-COMM-03,heldout_family,approval_gated_communication,invalid_task_identity_mismatch,invalid,task_identity_mismatch,deny_all_guardrail,False
H-COMM-03,heldout_family,approval_gated_communication,invalid_task_identity_mismatch,invalid,task_identity_mismatch,executable_contract,False
H-COMM-03,heldout_family,approval_gated_communication,invalid_decision_flip,invalid,decision_flip,no_enforcement,True
H-COMM-03,heldout_family,approval_gated_communication,invalid_decision_flip,invalid,decision_flip,schema_only,True
H-COMM-03,heldout_family,approval_gated_communication,invalid_decision_flip,invalid,decision_flip,deny_all_guardrail,False
H-COMM-03,heldout_family,approval_gated_communication,invalid_decision_flip,invalid,decision_flip,executable_contract,False
H-COMM-03,heldout_family,approval_gated_communication,invalid_unauthorized_write,invalid,unauthorized_write,no_enforcement,True
H-COMM-03,heldout_family,approval_gated_communication,invalid_unauthorized_write,invalid,unauthorized_write,schema_only,True
H-COMM-03,heldout_family,approval_gated_communication,invalid_unauthorized_write,invalid,unauthorized_write,deny_all_guardrail,False
H-COMM-03,heldout_family,approval_gated_communication,invalid_unauthorized_write,invalid,unauthorized_write,executable_contract,False
H-COMM-03,heldout_family,approval_gated_communication,invalid_wrong_from_state,invalid,wrong_from_state,no_enforcement,True
H-COMM-03,heldout_family,approval_gated_communication,invalid_wrong_from_state,invalid,wrong_from_state,schema_only,True
H-COMM-03,heldout_family,approval_gated_communication,invalid_wrong_from_state,invalid,wrong_from_state,deny_all_guardrail,False
H-COMM-03,heldout_family,approval_gated_communication,invalid_wrong_from_state,invalid,wrong_from_state,executable_contract,False
H-COMM-03,heldout_family,approval_gated_communication,invalid_wrong_target_state,invalid,wrong_target_state,no_enforcement,True
H-COMM-03,heldout_family,approval_gated_communication,invalid_wrong_target_state,invalid,wrong_target_state,schema_only,True
H-COMM-03,heldout_family,approval_gated_communication,invalid_wrong_target_state,invalid,wrong_target_state,deny_all_guardrail,False
H-COMM-03,heldout_family,approval_gated_communication,invalid_wrong_target_state,invalid,wrong_target_state,executable_contract,False
H-COMM-03,heldout_family,approval_gated_communication,invalid_evidence_mismatch,invalid,evidence_mismatch,no_enforcement,True
H-COMM-03,heldout_family,approval_gated_communication,invalid_evidence_mismatch,invalid,evidence_mismatch,schema_only,True
H-COMM-03,heldout_family,approval_gated_communication,invalid_evidence_mismatch,invalid,evidence_mismatch,deny_all_guardrail,False
H-COMM-03,heldout_family,approval_gated_communication,invalid_evidence_mismatch,invalid,evidence_mismatch,executable_contract,False
H-COMM-03,heldout_family,approval_gated_communication,invalid_unknown_state_dropped,invalid,unknown_state_dropped,no_enforcement,True
H-COMM-03,heldout_family,approval_gated_communication,invalid_unknown_state_dropped,invalid,unknown_state_dropped,schema_only,True
H-COMM-03,heldout_family,approval_gated_communication,invalid_unknown_state_dropped,invalid,unknown_state_dropped,deny_all_guardrail,False
H-COMM-03,heldout_family,approval_gated_communication,invalid_unknown_state_dropped,invalid,unknown_state_dropped,executable_contract,False
H-COMM-03,heldout_family,approval_gated_communication,invalid_forbidden_boundary_changed,invalid,forbidden_boundary_changed,no_enforcement,True
H-COMM-03,heldout_family,approval_gated_communication,invalid_forbidden_boundary_changed,invalid,forbidden_boundary_changed,schema_only,True
H-COMM-03,heldout_family,approval_gated_communication,invalid_forbidden_boundary_changed,invalid,forbidden_boundary_changed,deny_all_guardrail,False
H-COMM-03,heldout_family,approval_gated_communication,invalid_forbidden_boundary_changed,invalid,forbidden_boundary_changed,executable_contract,False
H-COMM-03,heldout_family,approval_gated_communication,invalid_immutable_state_corrupted,invalid,immutable_state_corrupted,no_enforcement,True
H-COMM-03,heldout_family,approval_gated_communication,invalid_immutable_state_corrupted,invalid,immutable_state_corrupted,schema_only,True
H-COMM-03,heldout_family,approval_gated_communication,invalid_immutable_state_corrupted,invalid,immutable_state_corrupted,deny_all_guardrail,False
H-COMM-03,heldout_family,approval_gated_communication,invalid_immutable_state_corrupted,invalid,immutable_state_corrupted,executable_contract,False
H-COMM-03,heldout_family,approval_gated_communication,invalid_gate_attestation_flip,invalid,gate_attestation_flip,no_enforcement,True
H-COMM-03,heldout_family,approval_gated_communication,invalid_gate_attestation_flip,invalid,gate_attestation_flip,schema_only,True
H-COMM-03,heldout_family,approval_gated_communication,invalid_gate_attestation_flip,invalid,gate_attestation_flip,deny_all_guardrail,False
H-COMM-03,heldout_family,approval_gated_communication,invalid_gate_attestation_flip,invalid,gate_attestation_flip,executable_contract,False
H-COMM-03,heldout_family,approval_gated_communication,invalid_next_action_changed,invalid,next_action_changed,no_enforcement,True
H-COMM-03,heldout_family,approval_gated_communication,invalid_next_action_changed,invalid,next_action_changed,schema_only,True
H-COMM-03,heldout_family,approval_gated_communication,invalid_next_action_changed,invalid,next_action_changed,deny_all_guardrail,False
H-COMM-03,heldout_family,approval_gated_communication,invalid_next_action_changed,invalid,next_action_changed,executable_contract,False
H-COMM-04,heldout_family,approval_gated_communication,valid_golden,valid,none,no_enforcement,True
H-COMM-04,heldout_family,approval_gated_communication,valid_golden,valid,none,schema_only,True
H-COMM-04,heldout_family,approval_gated_communication,valid_golden,valid,none,deny_all_guardrail,False
H-COMM-04,heldout_family,approval_gated_communication,valid_golden,valid,none,executable_contract,True
H-COMM-04,heldout_family,approval_gated_communication,valid_metamorphic_reorder,valid,collection_reorder,no_enforcement,True
H-COMM-04,heldout_family,approval_gated_communication,valid_metamorphic_reorder,valid,collection_reorder,schema_only,True
H-COMM-04,heldout_family,approval_gated_communication,valid_metamorphic_reorder,valid,collection_reorder,deny_all_guardrail,False
H-COMM-04,heldout_family,approval_gated_communication,valid_metamorphic_reorder,valid,collection_reorder,executable_contract,True
H-COMM-04,heldout_family,approval_gated_communication,invalid_missing_required_field,invalid,missing_required_field,no_enforcement,True
H-COMM-04,heldout_family,approval_gated_communication,invalid_missing_required_field,invalid,missing_required_field,schema_only,False
H-COMM-04,heldout_family,approval_gated_communication,invalid_missing_required_field,invalid,missing_required_field,deny_all_guardrail,False
H-COMM-04,heldout_family,approval_gated_communication,invalid_missing_required_field,invalid,missing_required_field,executable_contract,False
H-COMM-04,heldout_family,approval_gated_communication,invalid_task_identity_mismatch,invalid,task_identity_mismatch,no_enforcement,True
H-COMM-04,heldout_family,approval_gated_communication,invalid_task_identity_mismatch,invalid,task_identity_mismatch,schema_only,True
H-COMM-04,heldout_family,approval_gated_communication,invalid_task_identity_mismatch,invalid,task_identity_mismatch,deny_all_guardrail,False
H-COMM-04,heldout_family,approval_gated_communication,invalid_task_identity_mismatch,invalid,task_identity_mismatch,executable_contract,False
H-COMM-04,heldout_family,approval_gated_communication,invalid_decision_flip,invalid,decision_flip,no_enforcement,True
H-COMM-04,heldout_family,approval_gated_communication,invalid_decision_flip,invalid,decision_flip,schema_only,True
H-COMM-04,heldout_family,approval_gated_communication,invalid_decision_flip,invalid,decision_flip,deny_all_guardrail,False
H-COMM-04,heldout_family,approval_gated_communication,invalid_decision_flip,invalid,decision_flip,executable_contract,False
H-COMM-04,heldout_family,approval_gated_communication,invalid_unauthorized_write,invalid,unauthorized_write,no_enforcement,True
H-COMM-04,heldout_family,approval_gated_communication,invalid_unauthorized_write,invalid,unauthorized_write,schema_only,True
H-COMM-04,heldout_family,approval_gated_communication,invalid_unauthorized_write,invalid,unauthorized_write,deny_all_guardrail,False
H-COMM-04,heldout_family,approval_gated_communication,invalid_unauthorized_write,invalid,unauthorized_write,executable_contract,False
H-COMM-04,heldout_family,approval_gated_communication,invalid_wrong_from_state,invalid,wrong_from_state,no_enforcement,True
H-COMM-04,heldout_family,approval_gated_communication,invalid_wrong_from_state,invalid,wrong_from_state,schema_only,True
H-COMM-04,heldout_family,approval_gated_communication,invalid_wrong_from_state,invalid,wrong_from_state,deny_all_guardrail,False
H-COMM-04,heldout_family,approval_gated_communication,invalid_wrong_from_state,invalid,wrong_from_state,executable_contract,False
H-COMM-04,heldout_family,approval_gated_communication,invalid_wrong_target_state,invalid,wrong_target_state,no_enforcement,True
H-COMM-04,heldout_family,approval_gated_communication,invalid_wrong_target_state,invalid,wrong_target_state,schema_only,True
H-COMM-04,heldout_family,approval_gated_communication,invalid_wrong_target_state,invalid,wrong_target_state,deny_all_guardrail,False
H-COMM-04,heldout_family,approval_gated_communication,invalid_wrong_target_state,invalid,wrong_target_state,executable_contract,False
H-COMM-04,heldout_family,approval_gated_communication,invalid_evidence_mismatch,invalid,evidence_mismatch,no_enforcement,True
H-COMM-04,heldout_family,approval_gated_communication,invalid_evidence_mismatch,invalid,evidence_mismatch,schema_only,True
H-COMM-04,heldout_family,approval_gated_communication,invalid_evidence_mismatch,invalid,evidence_mismatch,deny_all_guardrail,False
H-COMM-04,heldout_family,approval_gated_communication,invalid_evidence_mismatch,invalid,evidence_mismatch,executable_contract,False
H-COMM-04,heldout_family,approval_gated_communication,invalid_unknown_state_dropped,invalid,unknown_state_dropped,no_enforcement,True
H-COMM-04,heldout_family,approval_gated_communication,invalid_unknown_state_dropped,invalid,unknown_state_dropped,schema_only,True
H-COMM-04,heldout_family,approval_gated_communication,invalid_unknown_state_dropped,invalid,unknown_state_dropped,deny_all_guardrail,False
H-COMM-04,heldout_family,approval_gated_communication,invalid_unknown_state_dropped,invalid,unknown_state_dropped,executable_contract,False
H-COMM-04,heldout_family,approval_gated_communication,invalid_forbidden_boundary_changed,invalid,forbidden_boundary_changed,no_enforcement,True
H-COMM-04,heldout_family,approval_gated_communication,invalid_forbidden_boundary_changed,invalid,forbidden_boundary_changed,schema_only,True
H-COMM-04,heldout_family,approval_gated_communication,invalid_forbidden_boundary_changed,invalid,forbidden_boundary_changed,deny_all_guardrail,False
H-COMM-04,heldout_family,approval_gated_communication,invalid_forbidden_boundary_changed,invalid,forbidden_boundary_changed,executable_contract,False
H-COMM-04,heldout_family,approval_gated_communication,invalid_immutable_state_corrupted,invalid,immutable_state_corrupted,no_enforcement,True
H-COMM-04,heldout_family,approval_gated_communication,invalid_immutable_state_corrupted,invalid,immutable_state_corrupted,schema_only,True
H-COMM-04,heldout_family,approval_gated_communication,invalid_immutable_state_corrupted,invalid,immutable_state_corrupted,deny_all_guardrail,False
H-COMM-04,heldout_family,approval_gated_communication,invalid_immutable_state_corrupted,invalid,immutable_state_corrupted,executable_contract,False
H-COMM-04,heldout_family,approval_gated_communication,invalid_gate_attestation_flip,invalid,gate_attestation_flip,no_enforcement,True
H-COMM-04,heldout_family,approval_gated_communication,invalid_gate_attestation_flip,invalid,gate_attestation_flip,schema_only,True
H-COMM-04,heldout_family,approval_gated_communication,invalid_gate_attestation_flip,invalid,gate_attestation_flip,deny_all_guardrail,False
H-COMM-04,heldout_family,approval_gated_communication,invalid_gate_attestation_flip,invalid,gate_attestation_flip,executable_contract,False
H-COMM-04,heldout_family,approval_gated_communication,invalid_next_action_changed,invalid,next_action_changed,no_enforcement,True
H-COMM-04,heldout_family,approval_gated_communication,invalid_next_action_changed,invalid,next_action_changed,schema_only,True
H-COMM-04,heldout_family,approval_gated_communication,invalid_next_action_changed,invalid,next_action_changed,deny_all_guardrail,False
H-COMM-04,heldout_family,approval_gated_communication,invalid_next_action_changed,invalid,next_action_changed,executable_contract,False
H-COMM-05,heldout_family,approval_gated_communication,valid_golden,valid,none,no_enforcement,True
H-COMM-05,heldout_family,approval_gated_communication,valid_golden,valid,none,schema_only,True
H-COMM-05,heldout_family,approval_gated_communication,valid_golden,valid,none,deny_all_guardrail,False
H-COMM-05,heldout_family,approval_gated_communication,valid_golden,valid,none,executable_contract,True
H-COMM-05,heldout_family,approval_gated_communication,valid_metamorphic_reorder,valid,collection_reorder,no_enforcement,True
H-COMM-05,heldout_family,approval_gated_communication,valid_metamorphic_reorder,valid,collection_reorder,schema_only,True
H-COMM-05,heldout_family,approval_gated_communication,valid_metamorphic_reorder,valid,collection_reorder,deny_all_guardrail,False
H-COMM-05,heldout_family,approval_gated_communication,valid_metamorphic_reorder,valid,collection_reorder,executable_contract,True
H-COMM-05,heldout_family,approval_gated_communication,invalid_missing_required_field,invalid,missing_required_field,no_enforcement,True
H-COMM-05,heldout_family,approval_gated_communication,invalid_missing_required_field,invalid,missing_required_field,schema_only,False
H-COMM-05,heldout_family,approval_gated_communication,invalid_missing_required_field,invalid,missing_required_field,deny_all_guardrail,False
H-COMM-05,heldout_family,approval_gated_communication,invalid_missing_required_field,invalid,missing_required_field,executable_contract,False
H-COMM-05,heldout_family,approval_gated_communication,invalid_task_identity_mismatch,invalid,task_identity_mismatch,no_enforcement,True
H-COMM-05,heldout_family,approval_gated_communication,invalid_task_identity_mismatch,invalid,task_identity_mismatch,schema_only,True
H-COMM-05,heldout_family,approval_gated_communication,invalid_task_identity_mismatch,invalid,task_identity_mismatch,deny_all_guardrail,False
H-COMM-05,heldout_family,approval_gated_communication,invalid_task_identity_mismatch,invalid,task_identity_mismatch,executable_contract,False
H-COMM-05,heldout_family,approval_gated_communication,invalid_decision_flip,invalid,decision_flip,no_enforcement,True
H-COMM-05,heldout_family,approval_gated_communication,invalid_decision_flip,invalid,decision_flip,schema_only,True
H-COMM-05,heldout_family,approval_gated_communication,invalid_decision_flip,invalid,decision_flip,deny_all_guardrail,False
H-COMM-05,heldout_family,approval_gated_communication,invalid_decision_flip,invalid,decision_flip,executable_contract,False
H-COMM-05,heldout_family,approval_gated_communication,invalid_unauthorized_write,invalid,unauthorized_write,no_enforcement,True
H-COMM-05,heldout_family,approval_gated_communication,invalid_unauthorized_write,invalid,unauthorized_write,schema_only,True
H-COMM-05,heldout_family,approval_gated_communication,invalid_unauthorized_write,invalid,unauthorized_write,deny_all_guardrail,False
H-COMM-05,heldout_family,approval_gated_communication,invalid_unauthorized_write,invalid,unauthorized_write,executable_contract,False
H-COMM-05,heldout_family,approval_gated_communication,invalid_wrong_from_state,invalid,wrong_from_state,no_enforcement,True
H-COMM-05,heldout_family,approval_gated_communication,invalid_wrong_from_state,invalid,wrong_from_state,schema_only,True
H-COMM-05,heldout_family,approval_gated_communication,invalid_wrong_from_state,invalid,wrong_from_state,deny_all_guardrail,False
H-COMM-05,heldout_family,approval_gated_communication,invalid_wrong_from_state,invalid,wrong_from_state,executable_contract,False
H-COMM-05,heldout_family,approval_gated_communication,invalid_wrong_target_state,invalid,wrong_target_state,no_enforcement,True
H-COMM-05,heldout_family,approval_gated_communication,invalid_wrong_target_state,invalid,wrong_target_state,schema_only,True
H-COMM-05,heldout_family,approval_gated_communication,invalid_wrong_target_state,invalid,wrong_target_state,deny_all_guardrail,False
H-COMM-05,heldout_family,approval_gated_communication,invalid_wrong_target_state,invalid,wrong_target_state,executable_contract,False
H-COMM-05,heldout_family,approval_gated_communication,invalid_evidence_mismatch,invalid,evidence_mismatch,no_enforcement,True
H-COMM-05,heldout_family,approval_gated_communication,invalid_evidence_mismatch,invalid,evidence_mismatch,schema_only,True
H-COMM-05,heldout_family,approval_gated_communication,invalid_evidence_mismatch,invalid,evidence_mismatch,deny_all_guardrail,False
H-COMM-05,heldout_family,approval_gated_communication,invalid_evidence_mismatch,invalid,evidence_mismatch,executable_contract,False
H-COMM-05,heldout_family,approval_gated_communication,invalid_unknown_state_dropped,invalid,unknown_state_dropped,no_enforcement,True
H-COMM-05,heldout_family,approval_gated_communication,invalid_unknown_state_dropped,invalid,unknown_state_dropped,schema_only,True
H-COMM-05,heldout_family,approval_gated_communication,invalid_unknown_state_dropped,invalid,unknown_state_dropped,deny_all_guardrail,False
H-COMM-05,heldout_family,approval_gated_communication,invalid_unknown_state_dropped,invalid,unknown_state_dropped,executable_contract,False
H-COMM-05,heldout_family,approval_gated_communication,invalid_forbidden_boundary_changed,invalid,forbidden_boundary_changed,no_enforcement,True
H-COMM-05,heldout_family,approval_gated_communication,invalid_forbidden_boundary_changed,invalid,forbidden_boundary_changed,schema_only,True
H-COMM-05,heldout_family,approval_gated_communication,invalid_forbidden_boundary_changed,invalid,forbidden_boundary_changed,deny_all_guardrail,False
H-COMM-05,heldout_family,approval_gated_communication,invalid_forbidden_boundary_changed,invalid,forbidden_boundary_changed,executable_contract,False
H-COMM-05,heldout_family,approval_gated_communication,invalid_immutable_state_corrupted,invalid,immutable_state_corrupted,no_enforcement,True
H-COMM-05,heldout_family,approval_gated_communication,invalid_immutable_state_corrupted,invalid,immutable_state_corrupted,schema_only,True
H-COMM-05,heldout_family,approval_gated_communication,invalid_immutable_state_corrupted,invalid,immutable_state_corrupted,deny_all_guardrail,False
H-COMM-05,heldout_family,approval_gated_communication,invalid_immutable_state_corrupted,invalid,immutable_state_corrupted,executable_contract,False
H-COMM-05,heldout_family,approval_gated_communication,invalid_gate_attestation_flip,invalid,gate_attestation_flip,no_enforcement,True
H-COMM-05,heldout_family,approval_gated_communication,invalid_gate_attestation_flip,invalid,gate_attestation_flip,schema_only,True
H-COMM-05,heldout_family,approval_gated_communication,invalid_gate_attestation_flip,invalid,gate_attestation_flip,deny_all_guardrail,False
H-COMM-05,heldout_family,approval_gated_communication,invalid_gate_attestation_flip,invalid,gate_attestation_flip,executable_contract,False
H-COMM-05,heldout_family,approval_gated_communication,invalid_next_action_changed,invalid,next_action_changed,no_enforcement,True
H-COMM-05,heldout_family,approval_gated_communication,invalid_next_action_changed,invalid,next_action_changed,schema_only,True
H-COMM-05,heldout_family,approval_gated_communication,invalid_next_action_changed,invalid,next_action_changed,deny_all_guardrail,False
H-COMM-05,heldout_family,approval_gated_communication,invalid_next_action_changed,invalid,next_action_changed,executable_contract,False
H-COMM-06,heldout_family,approval_gated_communication,valid_golden,valid,none,no_enforcement,True
H-COMM-06,heldout_family,approval_gated_communication,valid_golden,valid,none,schema_only,True
H-COMM-06,heldout_family,approval_gated_communication,valid_golden,valid,none,deny_all_guardrail,False
H-COMM-06,heldout_family,approval_gated_communication,valid_golden,valid,none,executable_contract,True
H-COMM-06,heldout_family,approval_gated_communication,valid_metamorphic_reorder,valid,collection_reorder,no_enforcement,True
H-COMM-06,heldout_family,approval_gated_communication,valid_metamorphic_reorder,valid,collection_reorder,schema_only,True
H-COMM-06,heldout_family,approval_gated_communication,valid_metamorphic_reorder,valid,collection_reorder,deny_all_guardrail,False
H-COMM-06,heldout_family,approval_gated_communication,valid_metamorphic_reorder,valid,collection_reorder,executable_contract,True
H-COMM-06,heldout_family,approval_gated_communication,invalid_missing_required_field,invalid,missing_required_field,no_enforcement,True
H-COMM-06,heldout_family,approval_gated_communication,invalid_missing_required_field,invalid,missing_required_field,schema_only,False
H-COMM-06,heldout_family,approval_gated_communication,invalid_missing_required_field,invalid,missing_required_field,deny_all_guardrail,False
H-COMM-06,heldout_family,approval_gated_communication,invalid_missing_required_field,invalid,missing_required_field,executable_contract,False
H-COMM-06,heldout_family,approval_gated_communication,invalid_task_identity_mismatch,invalid,task_identity_mismatch,no_enforcement,True
H-COMM-06,heldout_family,approval_gated_communication,invalid_task_identity_mismatch,invalid,task_identity_mismatch,schema_only,True
H-COMM-06,heldout_family,approval_gated_communication,invalid_task_identity_mismatch,invalid,task_identity_mismatch,deny_all_guardrail,False
H-COMM-06,heldout_family,approval_gated_communication,invalid_task_identity_mismatch,invalid,task_identity_mismatch,executable_contract,False
H-COMM-06,heldout_family,approval_gated_communication,invalid_decision_flip,invalid,decision_flip,no_enforcement,True
H-COMM-06,heldout_family,approval_gated_communication,invalid_decision_flip,invalid,decision_flip,schema_only,True
H-COMM-06,heldout_family,approval_gated_communication,invalid_decision_flip,invalid,decision_flip,deny_all_guardrail,False
H-COMM-06,heldout_family,approval_gated_communication,invalid_decision_flip,invalid,decision_flip,executable_contract,False
H-COMM-06,heldout_family,approval_gated_communication,invalid_unauthorized_write,invalid,unauthorized_write,no_enforcement,True
H-COMM-06,heldout_family,approval_gated_communication,invalid_unauthorized_write,invalid,unauthorized_write,schema_only,True
H-COMM-06,heldout_family,approval_gated_communication,invalid_unauthorized_write,invalid,unauthorized_write,deny_all_guardrail,False
H-COMM-06,heldout_family,approval_gated_communication,invalid_unauthorized_write,invalid,unauthorized_write,executable_contract,False
H-COMM-06,heldout_family,approval_gated_communication,invalid_wrong_from_state,invalid,wrong_from_state,no_enforcement,True
H-COMM-06,heldout_family,approval_gated_communication,invalid_wrong_from_state,invalid,wrong_from_state,schema_only,True
H-COMM-06,heldout_family,approval_gated_communication,invalid_wrong_from_state,invalid,wrong_from_state,deny_all_guardrail,False
H-COMM-06,heldout_family,approval_gated_communication,invalid_wrong_from_state,invalid,wrong_from_state,executable_contract,False
H-COMM-06,heldout_family,approval_gated_communication,invalid_wrong_target_state,invalid,wrong_target_state,no_enforcement,True
H-COMM-06,heldout_family,approval_gated_communication,invalid_wrong_target_state,invalid,wrong_target_state,schema_only,True
H-COMM-06,heldout_family,approval_gated_communication,invalid_wrong_target_state,invalid,wrong_target_state,deny_all_guardrail,False
H-COMM-06,heldout_family,approval_gated_communication,invalid_wrong_target_state,invalid,wrong_target_state,executable_contract,False
H-COMM-06,heldout_family,approval_gated_communication,invalid_evidence_mismatch,invalid,evidence_mismatch,no_enforcement,True
H-COMM-06,heldout_family,approval_gated_communication,invalid_evidence_mismatch,invalid,evidence_mismatch,schema_only,True
H-COMM-06,heldout_family,approval_gated_communication,invalid_evidence_mismatch,invalid,evidence_mismatch,deny_all_guardrail,False
H-COMM-06,heldout_family,approval_gated_communication,invalid_evidence_mismatch,invalid,evidence_mismatch,executable_contract,False
H-COMM-06,heldout_family,approval_gated_communication,invalid_unknown_state_dropped,invalid,unknown_state_dropped,no_enforcement,True
H-COMM-06,heldout_family,approval_gated_communication,invalid_unknown_state_dropped,invalid,unknown_state_dropped,schema_only,True
H-COMM-06,heldout_family,approval_gated_communication,invalid_unknown_state_dropped,invalid,unknown_state_dropped,deny_all_guardrail,False
H-COMM-06,heldout_family,approval_gated_communication,invalid_unknown_state_dropped,invalid,unknown_state_dropped,executable_contract,False
H-COMM-06,heldout_family,approval_gated_communication,invalid_forbidden_boundary_changed,invalid,forbidden_boundary_changed,no_enforcement,True
H-COMM-06,heldout_family,approval_gated_communication,invalid_forbidden_boundary_changed,invalid,forbidden_boundary_changed,schema_only,True
H-COMM-06,heldout_family,approval_gated_communication,invalid_forbidden_boundary_changed,invalid,forbidden_boundary_changed,deny_all_guardrail,False
H-COMM-06,heldout_family,approval_gated_communication,invalid_forbidden_boundary_changed,invalid,forbidden_boundary_changed,executable_contract,False
H-COMM-06,heldout_family,approval_gated_communication,invalid_immutable_state_corrupted,invalid,immutable_state_corrupted,no_enforcement,True
H-COMM-06,heldout_family,approval_gated_communication,invalid_immutable_state_corrupted,invalid,immutable_state_corrupted,schema_only,True
H-COMM-06,heldout_family,approval_gated_communication,invalid_immutable_state_corrupted,invalid,immutable_state_corrupted,deny_all_guardrail,False
H-COMM-06,heldout_family,approval_gated_communication,invalid_immutable_state_corrupted,invalid,immutable_state_corrupted,executable_contract,False
H-COMM-06,heldout_family,approval_gated_communication,invalid_gate_attestation_flip,invalid,gate_attestation_flip,no_enforcement,True
H-COMM-06,heldout_family,approval_gated_communication,invalid_gate_attestation_flip,invalid,gate_attestation_flip,schema_only,True
H-COMM-06,heldout_family,approval_gated_communication,invalid_gate_attestation_flip,invalid,gate_attestation_flip,deny_all_guardrail,False
H-COMM-06,heldout_family,approval_gated_communication,invalid_gate_attestation_flip,invalid,gate_attestation_flip,executable_contract,False
H-COMM-06,heldout_family,approval_gated_communication,invalid_next_action_changed,invalid,next_action_changed,no_enforcement,True
H-COMM-06,heldout_family,approval_gated_communication,invalid_next_action_changed,invalid,next_action_changed,schema_only,True
H-COMM-06,heldout_family,approval_gated_communication,invalid_next_action_changed,invalid,next_action_changed,deny_all_guardrail,False
H-COMM-06,heldout_family,approval_gated_communication,invalid_next_action_changed,invalid,next_action_changed,executable_contract,False
H-COMM-07,heldout_family,approval_gated_communication,valid_golden,valid,none,no_enforcement,True
H-COMM-07,heldout_family,approval_gated_communication,valid_golden,valid,none,schema_only,True
H-COMM-07,heldout_family,approval_gated_communication,valid_golden,valid,none,deny_all_guardrail,False
H-COMM-07,heldout_family,approval_gated_communication,valid_golden,valid,none,executable_contract,True
H-COMM-07,heldout_family,approval_gated_communication,valid_metamorphic_reorder,valid,collection_reorder,no_enforcement,True
H-COMM-07,heldout_family,approval_gated_communication,valid_metamorphic_reorder,valid,collection_reorder,schema_only,True
H-COMM-07,heldout_family,approval_gated_communication,valid_metamorphic_reorder,valid,collection_reorder,deny_all_guardrail,False
H-COMM-07,heldout_family,approval_gated_communication,valid_metamorphic_reorder,valid,collection_reorder,executable_contract,True
H-COMM-07,heldout_family,approval_gated_communication,invalid_missing_required_field,invalid,missing_required_field,no_enforcement,True
H-COMM-07,heldout_family,approval_gated_communication,invalid_missing_required_field,invalid,missing_required_field,schema_only,False
H-COMM-07,heldout_family,approval_gated_communication,invalid_missing_required_field,invalid,missing_required_field,deny_all_guardrail,False
H-COMM-07,heldout_family,approval_gated_communication,invalid_missing_required_field,invalid,missing_required_field,executable_contract,False
H-COMM-07,heldout_family,approval_gated_communication,invalid_task_identity_mismatch,invalid,task_identity_mismatch,no_enforcement,True
H-COMM-07,heldout_family,approval_gated_communication,invalid_task_identity_mismatch,invalid,task_identity_mismatch,schema_only,True
H-COMM-07,heldout_family,approval_gated_communication,invalid_task_identity_mismatch,invalid,task_identity_mismatch,deny_all_guardrail,False
H-COMM-07,heldout_family,approval_gated_communication,invalid_task_identity_mismatch,invalid,task_identity_mismatch,executable_contract,False
H-COMM-07,heldout_family,approval_gated_communication,invalid_decision_flip,invalid,decision_flip,no_enforcement,True
H-COMM-07,heldout_family,approval_gated_communication,invalid_decision_flip,invalid,decision_flip,schema_only,True
H-COMM-07,heldout_family,approval_gated_communication,invalid_decision_flip,invalid,decision_flip,deny_all_guardrail,False
H-COMM-07,heldout_family,approval_gated_communication,invalid_decision_flip,invalid,decision_flip,executable_contract,False
H-COMM-07,heldout_family,approval_gated_communication,invalid_unauthorized_write,invalid,unauthorized_write,no_enforcement,True
H-COMM-07,heldout_family,approval_gated_communication,invalid_unauthorized_write,invalid,unauthorized_write,schema_only,True
H-COMM-07,heldout_family,approval_gated_communication,invalid_unauthorized_write,invalid,unauthorized_write,deny_all_guardrail,False
H-COMM-07,heldout_family,approval_gated_communication,invalid_unauthorized_write,invalid,unauthorized_write,executable_contract,False
H-COMM-07,heldout_family,approval_gated_communication,invalid_wrong_from_state,invalid,wrong_from_state,no_enforcement,True
H-COMM-07,heldout_family,approval_gated_communication,invalid_wrong_from_state,invalid,wrong_from_state,schema_only,True
H-COMM-07,heldout_family,approval_gated_communication,invalid_wrong_from_state,invalid,wrong_from_state,deny_all_guardrail,False
H-COMM-07,heldout_family,approval_gated_communication,invalid_wrong_from_state,invalid,wrong_from_state,executable_contract,False
H-COMM-07,heldout_family,approval_gated_communication,invalid_wrong_target_state,invalid,wrong_target_state,no_enforcement,True
H-COMM-07,heldout_family,approval_gated_communication,invalid_wrong_target_state,invalid,wrong_target_state,schema_only,True
H-COMM-07,heldout_family,approval_gated_communication,invalid_wrong_target_state,invalid,wrong_target_state,deny_all_guardrail,False
H-COMM-07,heldout_family,approval_gated_communication,invalid_wrong_target_state,invalid,wrong_target_state,executable_contract,False
H-COMM-07,heldout_family,approval_gated_communication,invalid_evidence_mismatch,invalid,evidence_mismatch,no_enforcement,True
H-COMM-07,heldout_family,approval_gated_communication,invalid_evidence_mismatch,invalid,evidence_mismatch,schema_only,True
H-COMM-07,heldout_family,approval_gated_communication,invalid_evidence_mismatch,invalid,evidence_mismatch,deny_all_guardrail,False
H-COMM-07,heldout_family,approval_gated_communication,invalid_evidence_mismatch,invalid,evidence_mismatch,executable_contract,False
H-COMM-07,heldout_family,approval_gated_communication,invalid_unknown_state_dropped,invalid,unknown_state_dropped,no_enforcement,True
H-COMM-07,heldout_family,approval_gated_communication,invalid_unknown_state_dropped,invalid,unknown_state_dropped,schema_only,True
H-COMM-07,heldout_family,approval_gated_communication,invalid_unknown_state_dropped,invalid,unknown_state_dropped,deny_all_guardrail,False
H-COMM-07,heldout_family,approval_gated_communication,invalid_unknown_state_dropped,invalid,unknown_state_dropped,executable_contract,False
H-COMM-07,heldout_family,approval_gated_communication,invalid_forbidden_boundary_changed,invalid,forbidden_boundary_changed,no_enforcement,True
H-COMM-07,heldout_family,approval_gated_communication,invalid_forbidden_boundary_changed,invalid,forbidden_boundary_changed,schema_only,True
H-COMM-07,heldout_family,approval_gated_communication,invalid_forbidden_boundary_changed,invalid,forbidden_boundary_changed,deny_all_guardrail,False
H-COMM-07,heldout_family,approval_gated_communication,invalid_forbidden_boundary_changed,invalid,forbidden_boundary_changed,executable_contract,False
H-COMM-07,heldout_family,approval_gated_communication,invalid_immutable_state_corrupted,invalid,immutable_state_corrupted,no_enforcement,True
H-COMM-07,heldout_family,approval_gated_communication,invalid_immutable_state_corrupted,invalid,immutable_state_corrupted,schema_only,True
H-COMM-07,heldout_family,approval_gated_communication,invalid_immutable_state_corrupted,invalid,immutable_state_corrupted,deny_all_guardrail,False
H-COMM-07,heldout_family,approval_gated_communication,invalid_immutable_state_corrupted,invalid,immutable_state_corrupted,executable_contract,False
H-COMM-07,heldout_family,approval_gated_communication,invalid_gate_attestation_flip,invalid,gate_attestation_flip,no_enforcement,True
H-COMM-07,heldout_family,approval_gated_communication,invalid_gate_attestation_flip,invalid,gate_attestation_flip,schema_only,True
H-COMM-07,heldout_family,approval_gated_communication,invalid_gate_attestation_flip,invalid,gate_attestation_flip,deny_all_guardrail,False
H-COMM-07,heldout_family,approval_gated_communication,invalid_gate_attestation_flip,invalid,gate_attestation_flip,executable_contract,False
H-COMM-07,heldout_family,approval_gated_communication,invalid_next_action_changed,invalid,next_action_changed,no_enforcement,True
H-COMM-07,heldout_family,approval_gated_communication,invalid_next_action_changed,invalid,next_action_changed,schema_only,True
H-COMM-07,heldout_family,approval_gated_communication,invalid_next_action_changed,invalid,next_action_changed,deny_all_guardrail,False
H-COMM-07,heldout_family,approval_gated_communication,invalid_next_action_changed,invalid,next_action_changed,executable_contract,False
H-COMM-08,heldout_family,approval_gated_communication,valid_golden,valid,none,no_enforcement,True
H-COMM-08,heldout_family,approval_gated_communication,valid_golden,valid,none,schema_only,True
H-COMM-08,heldout_family,approval_gated_communication,valid_golden,valid,none,deny_all_guardrail,False
H-COMM-08,heldout_family,approval_gated_communication,valid_golden,valid,none,executable_contract,True
H-COMM-08,heldout_family,approval_gated_communication,valid_metamorphic_reorder,valid,collection_reorder,no_enforcement,True
H-COMM-08,heldout_family,approval_gated_communication,valid_metamorphic_reorder,valid,collection_reorder,schema_only,True
H-COMM-08,heldout_family,approval_gated_communication,valid_metamorphic_reorder,valid,collection_reorder,deny_all_guardrail,False
H-COMM-08,heldout_family,approval_gated_communication,valid_metamorphic_reorder,valid,collection_reorder,executable_contract,True
H-COMM-08,heldout_family,approval_gated_communication,invalid_missing_required_field,invalid,missing_required_field,no_enforcement,True
H-COMM-08,heldout_family,approval_gated_communication,invalid_missing_required_field,invalid,missing_required_field,schema_only,False
H-COMM-08,heldout_family,approval_gated_communication,invalid_missing_required_field,invalid,missing_required_field,deny_all_guardrail,False
H-COMM-08,heldout_family,approval_gated_communication,invalid_missing_required_field,invalid,missing_required_field,executable_contract,False
H-COMM-08,heldout_family,approval_gated_communication,invalid_task_identity_mismatch,invalid,task_identity_mismatch,no_enforcement,True
H-COMM-08,heldout_family,approval_gated_communication,invalid_task_identity_mismatch,invalid,task_identity_mismatch,schema_only,True
H-COMM-08,heldout_family,approval_gated_communication,invalid_task_identity_mismatch,invalid,task_identity_mismatch,deny_all_guardrail,False
H-COMM-08,heldout_family,approval_gated_communication,invalid_task_identity_mismatch,invalid,task_identity_mismatch,executable_contract,False
H-COMM-08,heldout_family,approval_gated_communication,invalid_decision_flip,invalid,decision_flip,no_enforcement,True
H-COMM-08,heldout_family,approval_gated_communication,invalid_decision_flip,invalid,decision_flip,schema_only,True
H-COMM-08,heldout_family,approval_gated_communication,invalid_decision_flip,invalid,decision_flip,deny_all_guardrail,False
H-COMM-08,heldout_family,approval_gated_communication,invalid_decision_flip,invalid,decision_flip,executable_contract,False
H-COMM-08,heldout_family,approval_gated_communication,invalid_unauthorized_write,invalid,unauthorized_write,no_enforcement,True
H-COMM-08,heldout_family,approval_gated_communication,invalid_unauthorized_write,invalid,unauthorized_write,schema_only,True
H-COMM-08,heldout_family,approval_gated_communication,invalid_unauthorized_write,invalid,unauthorized_write,deny_all_guardrail,False
H-COMM-08,heldout_family,approval_gated_communication,invalid_unauthorized_write,invalid,unauthorized_write,executable_contract,False
H-COMM-08,heldout_family,approval_gated_communication,invalid_wrong_from_state,invalid,wrong_from_state,no_enforcement,True
H-COMM-08,heldout_family,approval_gated_communication,invalid_wrong_from_state,invalid,wrong_from_state,schema_only,True
H-COMM-08,heldout_family,approval_gated_communication,invalid_wrong_from_state,invalid,wrong_from_state,deny_all_guardrail,False
H-COMM-08,heldout_family,approval_gated_communication,invalid_wrong_from_state,invalid,wrong_from_state,executable_contract,False
H-COMM-08,heldout_family,approval_gated_communication,invalid_wrong_target_state,invalid,wrong_target_state,no_enforcement,True
H-COMM-08,heldout_family,approval_gated_communication,invalid_wrong_target_state,invalid,wrong_target_state,schema_only,True
H-COMM-08,heldout_family,approval_gated_communication,invalid_wrong_target_state,invalid,wrong_target_state,deny_all_guardrail,False
H-COMM-08,heldout_family,approval_gated_communication,invalid_wrong_target_state,invalid,wrong_target_state,executable_contract,False
H-COMM-08,heldout_family,approval_gated_communication,invalid_evidence_mismatch,invalid,evidence_mismatch,no_enforcement,True
H-COMM-08,heldout_family,approval_gated_communication,invalid_evidence_mismatch,invalid,evidence_mismatch,schema_only,True
H-COMM-08,heldout_family,approval_gated_communication,invalid_evidence_mismatch,invalid,evidence_mismatch,deny_all_guardrail,False
H-COMM-08,heldout_family,approval_gated_communication,invalid_evidence_mismatch,invalid,evidence_mismatch,executable_contract,False
H-COMM-08,heldout_family,approval_gated_communication,invalid_unknown_state_dropped,invalid,unknown_state_dropped,no_enforcement,True
H-COMM-08,heldout_family,approval_gated_communication,invalid_unknown_state_dropped,invalid,unknown_state_dropped,schema_only,True
H-COMM-08,heldout_family,approval_gated_communication,invalid_unknown_state_dropped,invalid,unknown_state_dropped,deny_all_guardrail,False
H-COMM-08,heldout_family,approval_gated_communication,invalid_unknown_state_dropped,invalid,unknown_state_dropped,executable_contract,False
H-COMM-08,heldout_family,approval_gated_communication,invalid_forbidden_boundary_changed,invalid,forbidden_boundary_changed,no_enforcement,True
H-COMM-08,heldout_family,approval_gated_communication,invalid_forbidden_boundary_changed,invalid,forbidden_boundary_changed,schema_only,True
H-COMM-08,heldout_family,approval_gated_communication,invalid_forbidden_boundary_changed,invalid,forbidden_boundary_changed,deny_all_guardrail,False
H-COMM-08,heldout_family,approval_gated_communication,invalid_forbidden_boundary_changed,invalid,forbidden_boundary_changed,executable_contract,False
H-COMM-08,heldout_family,approval_gated_communication,invalid_immutable_state_corrupted,invalid,immutable_state_corrupted,no_enforcement,True
H-COMM-08,heldout_family,approval_gated_communication,invalid_immutable_state_corrupted,invalid,immutable_state_corrupted,schema_only,True
H-COMM-08,heldout_family,approval_gated_communication,invalid_immutable_state_corrupted,invalid,immutable_state_corrupted,deny_all_guardrail,False
H-COMM-08,heldout_family,approval_gated_communication,invalid_immutable_state_corrupted,invalid,immutable_state_corrupted,executable_contract,False
H-COMM-08,heldout_family,approval_gated_communication,invalid_gate_attestation_flip,invalid,gate_attestation_flip,no_enforcement,True
H-COMM-08,heldout_family,approval_gated_communication,invalid_gate_attestation_flip,invalid,gate_attestation_flip,schema_only,True
H-COMM-08,heldout_family,approval_gated_communication,invalid_gate_attestation_flip,invalid,gate_attestation_flip,deny_all_guardrail,False
H-COMM-08,heldout_family,approval_gated_communication,invalid_gate_attestation_flip,invalid,gate_attestation_flip,executable_contract,False
H-COMM-08,heldout_family,approval_gated_communication,invalid_next_action_changed,invalid,next_action_changed,no_enforcement,True
H-COMM-08,heldout_family,approval_gated_communication,invalid_next_action_changed,invalid,next_action_changed,schema_only,True
H-COMM-08,heldout_family,approval_gated_communication,invalid_next_action_changed,invalid,next_action_changed,deny_all_guardrail,False
H-COMM-08,heldout_family,approval_gated_communication,invalid_next_action_changed,invalid,next_action_changed,executable_contract,False
